,0,0
0,Seananderson,Sean Anderson
1,Roberto B,Roberto
2,Alexey,Alex
3,Alexey,Alexandey
4,Alexey,Alexey A.
5,Phil Lucsok,Phil Lucsak
6,Tomasz Stancxak,Thomasz Stancsak
7,Tomasz Stancxak,Tomasz Stańczak
8,Tomasz Stancxak,Tomasz K. Stanczak
9,Tomasz Stancxak,Tomasz Stancsak
10,Tomasz Stancxak,Tomasz Stanczak
11,Danny Ferrin,Danno Ferris
12,Danny Ferrin,Danno Ferrin
13,Danny Ferrin,Danno Fertin
14,Daniel Lehrner,Daniel Lehmar
15,Daniel Lehrner,Daniel Lerhner
16,Alex Vlasov,Alex Viasov
17,Josh R,Josh
18,Matthew Slipper,Matthew Halpern
19,Stefen George,Stefan George
20,Stefen George,Helen George
21,Protolambda,protolambda
22,Paul Dworzanski,Paul Dworzanski (
23,James HE,James He
24,James HE,James
25,James HE,James H.
26,Dragan Rakita,Dragan Rakta
27,Péter Szil,Péter Szilágyi
28,Yoav,Yoavw
29,Boris Mann,Borris Mann
30,Marcin Sobczak,Marcin Sobcz
31,Yuga Choler,Yuga Cohler
32,Marius VanDerWijden,MariusVanDerWijden
33,Marius VanDerWijden,Marius van der Wijden
34,Marius VanDerWijden,Marius Van der Wijden
35,Marius VanDerWijden,Marius Van Der Wijden
36,Marius VanDerWijden,MariusVanDer
37,Marius VanDerWijden,Marius VanderWidjen
38,Marius VanDerWijden,MaruisVanDerWijden
39,Helengeorge,Helen George
40,JosephC,Joseph Chow
41,Karim T.,Karim Taam
42,Karim T.,Karim
43,Karim T.,Karim T
44,Martin Holste Swende,Martin Hoist Swende
45,Martin Holste Swende,Martin Holst Swende (EF/geth/
46,Martin Holste Swende,Martin Holst Swende
47,Martin Holste Swende,Martin Swende
48,Martin Holste Swende,Martin Holst Swende (EF/
49,Crypdough,Crypdough.eth
50,MariusVanDerWijden,Marius van der Wijden
51,MariusVanDerWijden,Marius Van der Wijden
52,MariusVanDerWijden,Marius Van Der Wijden
53,MariusVanDerWijden,MariusVanDer
54,MariusVanDerWijden,Marius VanderWidjen
55,MariusVanDerWijden,MaruisVanDerWijden
56,Fred Harryson,Frederik Harrysson
57,Fred Harryson,Fredrik Harrysson
58,Fred Harryson,Fredrik Harryson
59,Fred Harryson,Frederik Harryson
60,Fabio de Fabio,Fabio Di Fab
61,Fabio de Fabio,Fabio Di Fabio
62,Lance,Lane
63,Marek Moraczyński,Marek Moraczyynski
64,Marek Moraczyński,Marek Moraczynski
65,Marek Moraczyński,Marek Moroczynski
66,Etan,Ethan
67,Tim Beiko,TimeBeiko
68,Tim Beiko,Tim Beico
69,Tim Beiko,Tim Be
70,Ratan  Sur,Rai Ratan Sur
71,Ratan  Sur,Ratan Sur
72,DanKrad Feist,Dankrad Feist
73,Iannorden,Ian Norden
74,Vitalik Buterin,Vitalik Buteri
75,Vitalik Buterin,Vitalik Buter
76,Vitalik Buterin,Vitalik Buterin (
77,Marek Moraczyn,Marek Moraczyynski
78,Marek Moraczyn,Marek Moraczynski
79,Marek Moraczyn,Marek Moroczynski
80,Lane,Lane R
81,Martin Hoist Swende,Martin Holst Swende
82,Martin Hoist Swende,Martin Van Swende
83,Martin Hoist Swende,Martin Swende
84,Martin Hoist Swende,Martin Holst Swende (EF/
85,Christian Reitweissner,Christian Reitwi
86,Christian Reitweissner,Christian Reitwiessener
87,Christian Reitweissner,Chris Reitwiessner
88,Christian Reitweissner,Christian Reitwiessner
89,Joshua Rudolf,Joshua Rudolph
90,Martin Hol,Martin Holst
91,Joseph Delong,Joesph Delong
92,William Morris,William Morriss
93,TimeBeiko,Tim Beico
94,Daniel Ellison,Daneil Ellison
95,Zsfelfoldi,zsfelfoldi
96,Tomasz S,Tomasz
97,Tomasz S,Thomasz S.
98,Brett Allsop,Brent Allsop
99,Trenton Vanepps,Trenton Van Epps
100,Trenton Vanepps,Tenton Van Epps
101,Trenton Vanepps,Tentonvanepps
102,Trenton Vanepps,Tren Van Epps
103,Trenton Vanepps,Trenton van Epps
104,Trenton Vanepps,Trent Van Epps
105,Andrea Lanfranchi,Andrea Lafranchi
106,Hale Drewes,Holger Drewes
107,Hale Drewes,Holder Drewes
108,Martin Holst,Martin Holst Swende
109,Vitalik Buteri,Vitalik Buter
110,Vitalik Buteri,Vitalik Buterin (
111,Oleg Jakushkin,Olegjakushkin
112,Greg Calvin,Gerg Colvin
113,Greg Calvin,Greg Colvin
114,Tim Beico,Tim Be
115,Charles St. Louis,Charles St Louis
116,Edson Ayllon,Edson Ayllon .
117,stokes,Stokes
118,Artem Vorotnikov,Artem Vorotnikob
119,Kobi Gurkan,Kobi Gurkian
120,Greg Colvin (Fell,Greg Colvin
121,Phil No,Phil Ngo
122,Trenton Van Epps,Tenton Van Epps
123,Trenton Van Epps,Tren Van Epps
124,Trenton Van Epps,Trenton van Epps
125,Trenton Van Epps,Trent Van Epps
126,Thomasz Stancsak,Tomasz K. Stanczak
127,Thomasz Stancsak,Tomasz Stancsak
128,Thomasz Stancsak,Tomasz Stanczak
129,Alex Guchowski,Alex Gluchowski
130,Gary Schuite,Gary Schlte
131,Gary Schuite,Gary Schute
132,Gary Schuite,Gary Schulte
133,Gary Schuite,Gary Schultz
134,Lukasz Rozmej,Lukusz Rozmej
135,Lukasz Rozmej,Tukasz Rozmej
136,Lukasz Rozmej,Łukasz Rozmej
137,Matt Halpern,Matthew Halpern
138,Tenton Van Epps,Tentonvanepps
139,Tenton Van Epps,Tren Van Epps
140,Tenton Van Epps,Trenton van Epps
141,Tenton Van Epps,Trent Van Epps
142,Sam Wilson,o_O Sam Wilson
143,Danny,Danno
144,Danny,Danny.
145,Danny,danny
146,Jochen,jochen
147,Jochen,John
148,Rai Ratan Sur,Ratan Sur
149,Loin Dapplion,Lion Dapplion
150,Lukusz Rozmej,Tukasz Rozmej
151,Potus,Potuz
152,Marius van der Wijden,Marius Van der Wijden
153,Marius van der Wijden,Marius Van Der Wijden
154,Marius van der Wijden,Marius VanderWidjen
155,Marius van der Wijden,MaruisVanDerWijden
156,testing),Testing)
157,Mateusz Morus,Mateusz Morusiewicz
158,James He,James
159,James He,James H.
160,Mikhail Kalinin,Mikhail Kalanin
161,Mikhail Kalinin,Mikhail Khalinin
162,Mikhail Kalinin,Mikhial Kalinin
163,Pooja Ranjan.,Pooja Kanjan
164,Pooja Ranjan.,Pooja Ranjan
165,Gary Schlte,Gary Schute
166,Gary Schlte,Gary Schulte
167,Gary Schlte,Gary Schultz
168,Marek Moraczyynski,Marek Moraczynski
169,Marek Moraczyynski,Marek Moroczynski
170,Marek M,Marek
171,Fabio,Fabio Di
172,Fabio Di Fab,Fabio Di
173,Fabio Di Fab,Fabio Di Fabio
174,James,James H.
175,Danno Ferris,Danno Ferrin
176,Danno Ferris,Danno Fertin
177,Gary Schute,Gary Schulte
178,Gary Schute,Gary Schultz
179,Alex Stokes,Alex St
180,Dimitry,Dmitry
181,Sajida Zouarhi,Sajida Zourahi
182,Karim Taam,Karim T
183,Daniel Lehmar,Daniel Weaver
184,Daniel Lehmar,Daniel Heyman
185,Daniel Lehmar,Daniel Lerhner
186,Pooja Kanjan,Pooja Ranjan
187,Ken Ng,Ken NG
188,Pooja | ECH,Pooja ECH
189,Karim,Karim T
190,Baptise Marchand,Baptiste Marchand
191,Pooja R.,Pooja
192,Arif Schoe,Afr Schoe
193,Arif Schoe,Afri Schoedin
194,Arif Schoe,Afri Schoedon
195,Arif Schoe,Afri Schoeden
196,Arif Schoe,Afri Schoe
197,Kamil Chodoła,Kamil Chodola
198,Bhargava,Bhargavasomu
199,Christian Reitwi,Christian Reitwiessener
200,Christian Reitwi,Christian Reitwiessner
201,Marius Van der Wijden,Marius Van Der Wijden
202,Marius Van der Wijden,Marius VanderWidjen
203,Marius Van der Wijden,MaruisVanDerWijden
204,Micah Zoltou,Micah ZOltu
205,Micah Zoltou,Micah Zoltu
206,Mikhail Kalanin,Mikhail Khalinin
207,Mikhail Kalanin,Mikhial Kalinin
208,Lightcilent,LightClient
209,Lightcilent,lightclient
210,Lightcilent,Lightclient
211,Dimitry Khokhlov,Dimitry Khoklov
212,SasaWeb,SasaWebUp
213,Peter,Peter S.
214,Gerg Colvin,Greg Colvin
215,Tomasz Stańczak,Tomasz K. Stanczak
216,Tomasz Stańczak,Tomasz Stancsak
217,Tomasz Stańczak,Tomasz Stanczak
218,Ansgar Deitrichs,Ansgar Dietrichs
219,Ansgar Deitrichs,Ansgar Dietrich
220,Martin Holst Swende (EF/geth/,Martin Holst Swende
221,Martin Holst Swende (EF/geth/,Martin Holst Swende (EF/
222,LightClient,lightclient
223,LightClient,Lightclient
224,Afr Schoe,Afri Schoedin
225,Afr Schoe,Afri Schoedon
226,Afr Schoe,Afri Schoeden
227,Afr Schoe,Afri Schoe
228,Tomasz K. Stanczak,Tomasz Stancsak
229,Tomasz K. Stanczak,Tomasz Stanczak
230,Zachary Williamson,Zac Williamson
231,Danny Ryan (EF/,Danny Ryan
232,Mikhail Khalinin,Mikhial Kalinin
233,Dmitry,Dmitrii
234,Martin Holst Swende,Martin Van Swende
235,Martin Holst Swende,Martin Swende
236,Martin Holst Swende,Martin Holst Swende (EF/
237,Afri Schoedin,Afri Schoedon
238,Afri Schoedin,Afri Schoeden
239,Afri Schoedin,Afri Schoe
240,Guillame,Guillaume
241,Guillame,Guilaume
242,Tomasz Stancsak,Tomasz Stanczak
243,Martin Van Swende,Martin Swende
244,Hsiao-Wei,Hsiao-Wei Wang
245,Alex B.,Alex G
246,lightclient,Lightclient
247,AlexLG,Alex G
248,AlexLG,Alex
249,Terence,terence
250,Marek Moraczynski,Marek Moroczynski
251,Christian Reitwiessener,Chris Reitwiessner
252,Christian Reitwiessener,Christian Reitwiessner
253,Marcin,Martin
254,Vitalik Buter,Vitalik Buterin (
255,Marius Van Der Wijden,Marius VanderWidjen
256,Marius Van Der Wijden,MaruisVanDerWijden
257,Afri Schoedon,Afri Schoeden
258,Afri Schoedon,Afri Schoe
259,Frederik Harrysson,Fredrik Harrysson
260,Frederik Harrysson,Fredrik Harryson
261,Frederik Harrysson,Frederik Harryson
262,Alex G,Alex
263,Alex G,Alex St
264,Georgios Konstantop,Georgios Konstantopoulos
265,Alex Beregsz,Alex Beregszazi
266,Alex Beregsz,Alex Beregszaszi
267,Afri Schoeden,Afri Schoe
268,Paul D.,Paul D
269,Tukasz Rozmej,Łukasz Rozmej
270,Tentonvanepps,Trenton van Epps
271,Holger Drewes,Holder Drewes
272,YDXTY TS,YDXTY Thi
273,Jamie Lokier,Jami Lokier
274,Micah ZOltu,Micah Zoltu
275,Ansgar Dietrichs,Ansgar Dietrich
276,Pawel Bylica,Paweł Bylica
277,Pawel Bylica,Pawel Byilca
278,Barnabas,Barnabe
279,Peter Szilagy,Peter Szilagyi
280,Gary Schulte,Gary Schultz
281,Chris Reitwiessner,Christian Reitwiessner
282,Péter Szilágyi (,Péter Szilágyi
283,Tren Van Epps,Trenton van Epps
284,Tren Van Epps,Trent Van Epps
285,Trenton van Epps,Trent Van Epps
286,Danno Ferrin,Danno Fertin
287,Alex Beregszazi,Alex Beregszaszi
288,Artem V.,Artem
289,Fredrik Harrysson,Fredrik Harryson
290,Fredrik Harrysson,Frederik Harryson
291,David Mechler,David Mechier
292,Guillaume,Guilaume
293,Fredrik Harryson,Frederik Harryson
294,Marius VanderWidjen,MaruisVanDerWijden
