,Names_to_Keep,Names_to_Replace
0,0xnako,0xnako
1,11cyrpt,11cyrpt
2,Abdelhamid Bakhta,Abdelhamid Bakhta
3,AC,AC
4,Aditya Asgaonkar,Aditya Asgaonkar
5,Adria Massanet,Adria Massanet
6,Adrian Manning,Adrian Manning
7,Adrian Sutton,Adrian Sutton
8,Afri Schoedon,Afri
9,Afri Schoedon,Afri Schoedon
10,Agyt,Agyt
11,Ahmad Bitar,Ahmad Bitar
12,Alan Li,Alan Li
13,Alenque,Alenque
14,Alex,Alex
15,Alex axic,Alex axic
16,Alex B.,Alex B.
17,Alex Beregszaszi,Alex Beregszaszi
18,Alex Gluchowski,Alex Gluchowski
19,Alex Leverington,Alex Leverington
20,Alex Stokes,Alex Stokes
21,Alex Van de Sande,Alex Van de Sande
22,Alex Vlasov,Alex Vlasov
23,Alexandey,Alexandey
24,Alexey Akhunov,Alexey Akhunov
25,Alexey Osipov,Alexey Osipov
26,Alita Moore,Alita Moore
27,Ameen Soleimani,Ameen Soleimani
28,Amexiane,Amexiane
29,Ameziane Hamlat,Ameziane Hamlat
30,Andrea Lanfranchi,Andrea Lanfranchi
31,Andreas Freund,Andreas Freund
32,Andrei Maiboroda,Andrei Maiboroda
33,Andrew,Andrew
34,Andrew Ashikhmin,Andrew Ashikhmin
35,Andrew Forman,Andrew Forman
36,Andrew Gross,Andrew Gross
37,Andrian,Andrian
38,Angela,Angela
39,Ansgar Deitrichs,Ansgar Deitrichs
40,Ansgar Dietrichs,Ansgar Dietrichs
41,Antoine Toulme,Antoine Toulme
42,Anton Bukov,Anton Bukov
43,Anton Nashatyrev,Anton Nashatyrev
44,Antonio Sanso,Antonio Sanso
45,Arkadiy Paronyan,Arkadiy Paronyan
46,Arnetheduck,Arnetheduck
47,Artem Vorotnikov,Artem Vorotnikov
48,Ash,Ash
49,Ashraf,Ashraf
50,Asmbaty,Asmbaty
51,Ayman,Ayman
52,Baptise Marchand,Baptise Marchand
53,Barnabas Busa,Barnabas Busa
54,Barnabe,Barnabe
55,Ben Adams,Ben Adams
56,Ben Burns,Ben Burns
57,Ben DiFrancesco,Ben DiFrancesco
58,Ben Edgington,Ben Edgington
59,Bhargava,Bhargava
60,BitsBeTrippin,BitsBeTrippin
61,Bob Summerwill,Bob Summerwill
62,Bordel,Bordel
63,Boris Mann,Boris Mann
64,Boris Petrov,Boris Petrov
65,Bradley Miller,Bradley Miller
66,Brayton,Brayton
67,Brent Allsop,Brent Allsop
68,Brett Robertson,Brett Robertson
69,Brian,Brian
70,Brooklyn Zelenka,Brooklyn Zelenka
71,Bryant Eisenbach,Bryant Eisenbach
72,Carlbeek,Carlbeek
73,Casey Detrio,Casey Detrio
74,Casey Gardiner,Casey Gardiner
75,Caspar,Caspar
76,Caspar Schwarz-Schilling,Caspar Schwarz-Schilling
77,Chainsecurity,Chainsecurity
78,Chami Rachid,Chami Rachid
79,Charles C,Charles C
80,Charles St. Louis,Charles St. Louis
81,Chris Hager,Chris Hager
82,Christian Reitwiessner,Christian Reitwiessner
83,Corwin Smith,Corwin Smith
84,Crypdough.eth,Crypdough.eth
85,Crypto_Eren77,Crypto_Eren77
86,Dade,Dade
87,Daejun Park,Daejun Park
88,Damien,Damien
89,Dan,Dan
90,Dan Buchholz,Dan Buchholz
91,Dan Burnett,Dan Burnett
92,Dan Finlay,Dan Finlay
93,Daniel Celeda,Daniel Celeda
94,Daniel Ellison,Daniel Ellison
95,Daniel Heyman,Daniel Heyman
96,Daniel Lehmar,Daniel Lehmar
97,Daniel Lehrner,Daniel Lehrner
98,Daniel Nagy,Daniel Nagy
99,Daniel Weaver,Daniel Weaver
100,Dankrad Feist,Dankrad Feist
101,Danno Ferrin,Danno Ferrin
102,Danno Ferris,Danno Ferris
103,Danno Fertin,Danno Fertin
104,Danny Ryan,Danny Ryan
105,Dave,Dave
106,David,David
107,David Knott,David Knott
108,David Mechler,David Mechler
109,David Murdoch,David Murdoch
110,David Palm,David Palm
111,DB,DB
112,Diederik Loerakker,Diederik Loerakker
113,Diederik Loerakker,Diego López León
114,Dimitry Khoklov,Dimitry Khoklov
115,Dino Mark,Dino Mark
116,Dmitry Ryajov,Dmitry Ryajov
117,Dominator008,Dominator008
118,Dominic Letz,Dominic Letz
119,Dragan Rakita,Dragan Rakita
120,Duncan Westland,Duncan Westland
121,Dusan Stanivukovic,Dusan
122,Dusan Stanivukovic,Dusan Stanivukovic
123,Dustin Brody,Dustin Brody
124,Pooja Ranjan,ECH-Pooja
125,Edson Ayllon,Edson Ayllon
126,Eleazar Galano,Eleazar Galano
127,Encryption Wizard,Encryption Wizard
128,Enrico Del Fante,Enrico
129,Enrico Del Fante,Enrico Del Fante
130,Eric Kellstrand,Eric Kellstrand
131,Ethan,Ethan
132,Eugene Danilenko,Eugene Danilenko
133,Evan Sultanik,Evan Sultanik
134,Evan Van Ness,Evan Van Ness
135,Everett Hildenbrandt,Everett Hildenbrandt
136,Fabio de Fabio,Fabio de Fabio
137,Felipe Faraggi,Felipe Faraggi
138,Felix Lange,Felix Lange
139,FJL,FJL
140,Frankie Pangilinan,Frankie Pangilinan
141,Frederik Harrysson,Frederik Harrysson
142,Gabi,Gabi
143,Gabriel Trintinalla,Gabriel Trintinalla
144,Gajinder,Gajinder
145,Gandalf,Gandalf
146,Gary Schuite,Gary Schuite
147,Gary Schulte,Gary Schulte
148,Gary Schultz,Gary Schultz
149,Gavin Wood,Gavin Wood
150,Geoff Hayes,Geoff Hayes
151,George Avsetsin,George Avsetsin
152,George Hervey,George Hervey
153,George Kadianakis,George Kadianakis
154,Georgios Konstantopoulos,Georgios Konstantopoulos
155,GhaS Shee,GhaS Shee
156,Gichiba,Gichiba
157,Giuliorebuffo,Giuliorebuffo
158,Gottfried Herold,Gottfried Herold
159,Greg,Greg
160,Greg Colvin,Greg Colvin
161,Greg Markou,Greg Markou
162,Gu,Gu
163,Guillaume Ballet,Guillaume Ballet
164,Gunnim,Gunnim
165,H,H
166,Hacktar,Hacktar
167,Hal Press,Hal Press
168,Harry Altman,Harry Altman
169,Helen George,Helen George
170,hexzorro,hexzorro
171,Hind Kurhan,Hind Kurhan
172,Holger Drewes,Holger Drewes
173,HP,HP
174,Hsiao-Wei Wang,Hsiao-Wei Wang
175,Hubert,Hubert
176,Hudson Jameson,Hudson Jameson
177,Hugo de la Cruz,Hugo
178,Hugo de la Cruz,Hugo de la Cruz
179,Ian Norden,Ian Norden
180,Ignacio Hagopian,Ignacio Hagopian
181,Igor Barinov,Igor Barinov
182,Ino Murko,Ino Murko
183,Ivaylo,Ivaylo
184,Jacek Glen,Jacek Glen
185,Jacek Sieka,Jacek Sieka
186,Jake Gillberg,Jake Gillberg
187,Jake Lang,Jake Lang
188,James Hancock,James Hancock
189,James He,James He
190,James Prestwich,James Prestwich
191,James Ray,James Ray
192,Jamie Lokier,Jamie Lokier
193,Jamie Pitts,Jamie Pitts
194,Jan Winklemann,Jan Winklemann
195,Jan Xie,Jan Xie
196,Jan Xie,Jan Xie (ruby-ethereum
197,Jared Doro,Jared Doro
198,Jared Wasinger,Jared Wasinger
199,Jason Carver,Jason Carver
200,Jay Welsh,Jay Welsh
201,Jeff Coleman,Jeff Coleman
202,Jeffrey Wilcke,Jeffrey Wilcke
203,Jesse Pollak,Jesse Pollak
204,jgold,jgold
205,Jim,Jim
206,Jim Bennett,Jim Bennett
207,Jingwei,Jingwei
208,Jiri Peinlich,Jiri Peinlich
209,Jochem Brouwer,Jochem Brouwer
210,Jochem Brouwer,Jochen
211,Johannes Zweng,Johannes Zweng
212,John,John
213,John Adler,John Adler
214,Johnny Rhea,Johnny Rhea
215,Jon Choi,Jon Choi
216,Jon Stevens,Jon Stevens
217,Jordi Baylina,Jordi Baylina
218,Jorge Mederos,Jorge Mederos
219,Jose,Jose
220,Joseph Chow,Joseph Chow
221,Joseph Delong,Joseph Delong
222,Joseph Lubin,Joseph Lubin
223,Jose,Jose's iPhone
224,Joshua Douglas,Joshua Douglas
225,Joshua Rudolf,Joshua Rudolf
226,Josselin Feist,Josselin Feist
227,Jules,Jules
228,Justin Drake,Justin Drake
229,Justin Florentine,Justin Florentine
230,Justin Traglia,Justin Traglia
231,Jutta Steiner,Jutta Steiner
232,Kam,Kam
233,Kamil Chodola,Kamil Chodola
234,Kar,Kar
235,Karalabe,Karalabe
236,Karim Agha,Karim Agha
237,Karim Taam,Karim Taam
238,Karl Floersch,Karl Floersch
239,Kasey Kirkham,Kasey Kirkham
240,Kay,Kay
241,Kelly,Kelly
242,Ken Ng,Ken Ng
243,Kenway Wang,Kenway Wang
244,Kev,Kev
245,Kevaundray,Kevaundray
246,Kobi Gurkian,Kobi Gurkian
247,Konrad Feldmeier,Konrad Feldmeier
248,Kristy-Leigh Minehan,Kristy-Leigh Minehan
249,Kumavis,Kumavis
250,La Donna Higgins,La Donna Higgins
251,Lakshman Sankar,Lakshman Sankar
252,Lane Rettig,Lance
253,Lane Rettig,Lane Rettig
254,Lasso,Lasso
255,Lefter,Lefter
256,Lefteris Karapetsas,Lefteris Karapetsas
257,Leo,Leo
258,Leo Arias,Leo Arias
259,Leonardo Alt,Leonardo Alt
260,Liam Horne,Liam Horne
261,Lightclient,Lightclient
262,Lightclient,LightClient
263,Ligi,Ligi
264,Liz Steininger,Liz Steininger
265,Loin Dapplion,Loin Dapplion
266,Louis,Louis
267,Louis Guthmann,Louis Guthmann
268,Lukasz Rozmej,Lukasz Rozmej
269,Lukasz Rozmej,Lukusz Rozmej
270,Makoto Inoue,Makoto Inoue
271,Mamy Ratsimbazafy,Mamy Ratsimbazafy
272,Marcelo Ruiz de Olano,Marcelo Ruiz de Olano
273,Marcin Sobczak,Marcin Sobczak
274,Marek Kotewicz,Marek Kotewicz
275,Marek Moraczynski,Marek Moraczynski
276,Marek Moraczynski,Marek Moroczynski
277,Mariano Conti,Mariano Conti
278,Mario,Mario
279,Mario Havel,Mario Havel
280,Mario Vega,Mario Vega
281,Marius,Marius
282,Marius Van Der Wijden,Marius Van Der Wijden
283,Martin,Martin
284,Martin Becze,Martin Becze
285,Martin Hoist Swende,Martin Hoist Swende
286,Martin Koppelmann,Martin Koppelmann
287,Martin Lundfall,Martin Lundfall
288,Martin Ortner,Martin Ortner
289,Mateusz Morusiewicz,Mateusz Morusiewicz
290,Matt Garnett,Matt Garnett
291,Matt Luongo,Matt Luongo
292,Matt Nelson,Matt Nelson
293,Matthew Di Ferrante,Matthew Di Ferrante
294,Matthew English,Matthew English
295,Matthew Halpern,Matthew Halpern
296,Matthew Rodriguez,Matthew Rodriguez
297,Matthew Slipper,Matthew Slipper
298,Matthias,Matthias
299,Mehdi Aouadi,Mehdi Aouadi
300,Meredith Baxter,Meredith Baxter
301,Metachris,Metachris
302,Micah Zoltou,Micah Zoltou
303,Michael LaCroix,Michael LaCroix
304,Mike Kim,Mike Kim
305,Mikhail Kalanin,Mikhail Kalanin
306,Mikhail Kalanin,Mikhail Kalinin
307,Mikhail Melnik,Mikhail Melnik
308,Milan Patel,Milan Patel
309,Miss If (If-Def-Else/ProgPoW,Miss If (If-Def-Else/ProgPoW
310,Mojtaba Tefagh,Mojtaba Tefagh
311,Moody,Moody
312,Mrabino1,Mrabino1
313,Nathan,Nathan
314,Neville Grech,Neville Grech
315,,Next Meeting Date/Time
316,Nhlanhla Hasane,Nhlanhla Hasane
317,Nick,Nick
318,Nick Johnson,Nick Johnson
319,Nishant,Nishant
320,,NONE
321,,None
322,Ognyan,Ognyan
323,Oleg Jakushkin,Oleg Jakushkin
324,Olivier Begassat,Olivier Begassat
325,Oxcasey,Oxcasey
326,Pé,Pé
327,Parithosh Jayanthi,Pari
328,Parithosh Jayanthi,Parithosh Jayanthi
329,Pat Stiles,Pat Stiles
330,Paul Dworzanski,Paul Dworzanski
331,Paul Hauner,Paul Hauner
332,Pawel Bylica,Pawel Bylica
333,Peter Salanki,Peter Salanki
334,Peter Szilagyi,Peter Szilagyi
335,Phil Lucsak,Phil Lucsak
336,Phil Ngo,Phil Ngo
337,Piper Merriam,Piper Merriam
338,Pooja Ranjan,Pooja Ranjan
339,Potus,Potus
340,Protolambda,Protolambda
341,PSEVE,PSEVE
342,pyethereum),pyethereum)
343,Qi Zhou,Qi Zhou
344,Rachel Rose OLeary,Rachel Rose OLeary
345,Rachid CHAMI,Rachid CHAMI
346,Rai Ratan Sur,Rai @ consensys
347,Rai Ratan Sur,Rai Ratan Sur
348,Rai Ratan Sur,Rai Sur
349,Ramakrishnan Muthukrishnan,Ramakrishnan Muthukrishnan
350,Ramon Pitter,Ramon Pitter
351,Raul Jordan,Raul Jordan
352,Rick Dudley,Rick Dudley
353,RicMoo,RicMoo
354,Robert Drost,Robert Drost
355,Roberto Bayardo,Roberto Bayardo
356,Rodia,Rodia
357,Roman Mandeleil,Roman Mandeleil
358,Ronan,Ronan
359,Rory Arredondo,Rory Arredondo
360,Ruben,Ruben
361,S,S
362,Sajida Zouarhi,Sajida Zouarhi
363,Sam,Sam
364,Sam CM,Sam CM
365,Sam Wilson,Sam Wilson
366,Samni Egwu,Samni Egwu
367,SasaWeb,SasaWeb
368,Saulius Grigaitis,Saulius Grigaitis
369,Saulius Grigaitis,Saulius Grigaitis | Grandine
370,Sean Anderson,Sean
371,Sean Anderson,Sean Anderson
372,Sean Anderson,Seananderson
373,Selvis,Selvis
374,Shahan Khatchadourian,Shahan Khatchadourian
375,Shane Jonas,Shane Jonas
376,Shashank Yalamanchi,Shashank Yalamanchi
377,Siri,Siri
378,Snakethe4xor,Snakethe4xor
379,Somu Bhargava,Somu Bhargava
380,Soubhik Deb,Soubhik Deb
381,Spencer,Spencer
382,Sridarian Sharingan,Sridarian Sharingan
383,Stag,Stag
384,Stefan Bratanov,Stefan Bratanov
385,Stefen George,Stefen George
386,Alex Stokes,Stokes
387,Sunce86,Sunce86
388,Tanishq,Tanishq
389,Tenton Van Epps,Tenton Van Epps
390,Terence,Terence
391,,testing)
392,Thea,Thea
393,Thibaut Sardan,Thibaut Sardan
394,Thomasz Stancsak,Thomasz Stancsak
395,Tim,Tim
396,Tim Beiko,Tim Beiko
397,Tim Coulter,Tim Coulter
398,,TODO
399,Tom,Tom
400,Tomasz Drwiega,Tomasz Drwiega
401,Tomasz Stanczak,Tomasz Stanczak
402,Tope Alabi,Tope Alabi
403,Trent,Trent
404,Tukasz Rozmej,Tukasz Rozmej
405,TurboTrent,TurboTrent
406,Tyevlag,Tyevlag
407,Tynes,Tynes
408,Uri Klarman,Uri Klarman
409,Vadim Arasev,Vadim Arasev
410,Vie Yang,Vie Yang
411,Viktor Shepelin,Viktor Shepelin
412,Virgil Griffith,Virgil Griffith
413,Vitalik Buterin,Vitalik Buterin
414,Vorot93,Vorot93
415,Vub,Vub
416,Wei Tang,Wei Tang
417,Will Meister,Will Meister
418,Will Villanueva,Will Villanueva
419,William Morris,William Morris
420,William Schwab,William Schwab
421,Yannis Smaragdakis,Yannis Smaragdakis
422,Yanxi,Yanxi
423,YDXTY Thi,YDXTY Thi
424,YDXTY TS,YDXTY TS
425,Yoav Weiss,Yoav Weiss
426,Yoavw,Yoavw
427,Yoichi Hirai,Yoichi Hirai
428,Youssef El Housn,Youssef El Housn
429,Yuga Choler,Yuga Choler
430,Zachary Belford,Zachary Belford
431,Zachary Williamson,Zachary Williamson
432,Zak Cole,Zak Cole
433,Zane Starr,Zane Starr
434,Zixuan Zhang,Zixuan Zhang
435,,Zoom chat
436,Zsfelfoldi,Zsfelfoldi
437,Zuerlein,Zuerlein
