,Original_Name,Replace_Name
0,Artur Troian,Artur Troian
1,Francisco de Borja Aranda Castillejo,Francisco de Borja Aranda Castillejo
2,Vitalik Buterin,Vitalik Buterin
3,Afri Schoedon,Afri Schoeden
4,/raw PONG _GHMoaCXLT,/raw PONG _GHMoaCXLT
5,Nye Liu,Nye Liu
6,nobody,nobody
7,Raghav Sood,Raghav Sood
8,Peter Davies,Peter Davies
9,Raw Pong Ghmoa,Raw Pong Ghmoa
10,JoeG,JoeG
11,Ceyhun Onur,Ceyhun Onur
12,Alexey Shekhirin,Alexey Shekhirin
13,Mario Vega,Mario Vega
14,Changhoon Lee,Changhoon Lee
15,Alexey,Alexey Akhunov
16,Kenneth Cochran,Kenneth Cochran
17,s7v7nislands,s7v7nislands
18,Ian Norden,Ian Norden
19,Charles Cooper,Charles Cooper
20,Mauricio Perdomo,Mauricio Perdomo
21,Alex Cabrera,Alex Cabrera
22,Sina Mahmoodi,Sina Mahmoodi
23,Gísli Kristjánsson,Gísli Kristjánsson
24,failfmi,failfmi
25,Omer Korner,Omer Korner
26,Nick Paterno,Nick Paterno
27,Giulio,Giulio Rebuffo
28,Reimdal,Reimdal
29,Havard Anda Estensen,Havard Anda Estensen
30,Ivan Bogatyy,Ivan Bogatyy
31,Maxim Andreev,Maxim Andreev
32,Diego Lopez Leon,Diego Lopez Leon
33,Jonathan Chappelow,Jonathan Chappelow
34,Sheldon,Sheldon
35,Vijay Michalik,Vijay Michalik
36,William Setzer,William Setzer
37,Nate Armstrong,Nate Armstrong
38,Hubert Banaszewski,Hubert Banaszewski
39,lazaridiscom,lazaridiscom
40,laughship,laughship
41,emile,emile
42,Chase,John Chase
43,Runchao Han,Runchao Han
44,Frojdi Dymylja,Frojdi Dymylja
45,Sorin Neacsu,Sorin Neacsu
46,sam bacha,sam bacha
47,Dan Sosedoff,Dan Sosedoff
48,Tangui Clairet,Tangui Clairet
49,Pascal Dierich,Pascal Dierich
50,Katarzyna Turbiarz,Katarzyna Turbiarz
51,Noel Maersk,Noel Maersk
52,George Tebrean,George Tebrean
53,z89,z89
54,cui,cui
55,Ilan Gitter,Ilan Gitter
56,alvaroahp11,alvaroahp11
57,delihiros,delihiros
58,George Patterson,George Patterson
59,hackyminer,HackyMiner
60,Artem Vorotnikov,Artem Vorotnikov
61,Exca-DK,Exca-DK
62,alexwang,alexwang
63,Kevin Ingersoll,Kevin Ingersoll
64,Gustav-Simonsson,Gustav Simonsson
65,Andrea Lanfranchi,Andrea Lanfranchi
66,Ricardo Catalinas Jiménez,Ricardo Catalinas Jiménez
67,Joshua Gutow,Joshua Gutow
68,Jochen Müller,Jochen Müller
69,Jared Doro,Jared Doro
70,dm4,dm4
71,Nicholas,Nicholas
72,jack meng,jack meng
73,Stephen Guo,Stephen Guo
74,naviechan,naviechan
75,henopied,henopied
76,Christoph Jentzsch,Christoph Jentzsch
77,Aleksey @soar Smyrnov,Aleksey @soar Smyrnov
78,Arvid Hast,Arvid Hast
79,Donn Trenton,Donn Trenton
80,Mikhail Mikheev,Mikhail Mikheev
81,knarfeh,knarfeh
82,Samuel Marks,Samuel Marks
83,Sam Boyer,Sam Boyer
84,Xas,Xas
85,Lefteris Karapetsas,Lefteris Karapetsas
86,Slava Karpenko,Slava Karpenko
87,Hendrik Hofstadt,Hendrik Hofstadt
88,dylanhuang,dylanhuang
89,Amir Hossein,Amir Hossein
90,meows,meows
91,marcindsobczak,Marcin Sobczak
92,Tomasz Kajetan Sta?czak,Tomasz Stanczak
93,hexoscott,hexoscott
94,Kian,Kian
95,Vlad Bokov,Vlad Bokov
96,6543,6543
97,hwanjo,hwanjo
98,Dmitry Shulyak,Dmitry Shulyak
99,maszrum,maszrum
100,Stephan Tual,Stephan Tual
101,iFA,iFA
102,holisticode,holisticode
103,Kristof Gazso,Kristof Gazso
104,GuiltyMorishita,GuiltyMorishita
105,Ross,Ross
106,Guilherme Salgado,Guilherme Salgado
107,Josh Richardson,Josh Richardson
108,???,???
109,libotony,libotony
110,Hao Duan,Hao Duan
111,Federico Gimenez,Federico Gimenez
112,Eugene Valeyev,Eugene Valeyev
113,Helder Pinto,Helder Pinto
114,Marcin Sobczak,Marcin Sobczak
115,Emin Mahrt,Emin Mahrt
116,S. Matthew English,S. Matthew English
117,Evgeny Danienko,Evgeny Danilenko
118,Zahoor Mohamed,Zahoor Mohamed
119,??,???
120,Hyung-Kyu Hqueue Choi,Hyung-Kyu Hqueue Choi
121,Frank Szendzielarz,Frank Szendzielarz
122,?TH??SPH???,?TH??SPH???
123,Jonas,Jonas
124,Abd ar-Rahman Hamidi,Abd ar-Rahman Hamidi
125,Alex Willmer,Alex Willmer
126,Michael Montour,Michael Montour
127,Lukasz Rozmej,Lukasz Rozmej
128,Sylvain Laurent,Sylvain Laurent
129,Armin,Armin Braun
130,root,root
131,Giovanni HoSang,Giovanni HoSang
132,Leo Shklovskii,Leo Shklovskii
133,Enrique Avila Asapche,Enrique Jose  Avila Asapche
134,canepat,canepat
135,Furkan KAMACI,Furkan KAMACI
136,Fabian Vogelsteller,Fabian Vogelsteller
137,sanskarkhare,sanskarkhare
138,James Prestwich,James Prestwich
139,Alexey Akhunov,Alexey Akhunov
140,tmohay,tmohay
141,Yihau Chen,Yihau Chen
142,Fuyang Deng,Fuyang Deng
143,Grant Noble,Grant Noble
144,Bo,Bo
145,kayla-henrie,kayla-henrie
146,Boqin Qin(? ??),Boqin Qin(? ??)
147,Serhat ?evki Dinçer,Serhat ?evki Dinçer
148,Taeik Lim,Taeik Lim
149,Hsien-Tang Kao,Hsien-Tang Kao
150,pinges,pinges
151,Mason Fischer,Mason Fischer
152,cong,cong
153,Sparty,Sparty
154,Matt Whitehead,Matt Whitehead
155,swaraj18,swaraj18
156,norwnd,norwnd
157,Payne,Payne
158,sveneh,sveneh
159,Taylor Gerring,Taylor Gerring
160,Ziyuan Zhong(???),Ziyuan Zhong
161,Alexandre Van de Sande,Alexandre Van de Sande
162,gfx,gfx
163,Sean,Sean
164,Javier Peletier,Javier Peletier
165,Jorge,Jorge Arce-Garro
166,Ernesto del Toro,Ernesto del Toro
167,þ,þ
168,lukasz.rozmej,Lukasz Rozmej
169,Zou Guangxian,Zou Guangxian
170,Max Revitt,Max Revitt
171,Guillaume Ballet,Guillaume Ballet
172,Philippe Schommers,Philippe Schommers
173,Lucas Saldanha,Lucas Saldanha
174,Jakub Freebit,Jakub Freebit
175,Fabio Barone,Fabio Barone
176,Anatole,Anatole
177,Destiner,Destiner
178,JKinc,JKinc
179,Pete,Pete
180,Anton Evangelatov,Anton Evangelatov
181,Ramesh Nair,Ramesh Nair
182,Dexaran,Dexaran
183,Miguel Angel Rojo,Miguel Angel Rojo
184,Andrey Petrov,Andrey Petrov
185,zsfelfoldi,Zsfelfoldi
186,aperseghin,aperseghin
187,Caesar Chad,Caesar Chad
188,Nikifor Seryakov,Nikifor Seryakov
189,chris-j-h,chris-j-h
190,Temirlan,Temirlan
191,lightclient@protonmail.com,Lightcilent
192,steve greensill,steve greensill
193,Alexander Yastrebov,Alexander Yastrebov
194,Felipe Faraggi,Felipe Faraggi
195,Fabio Di Fabio,Fabio Di Fabio
196,cpusoft,cpusoft
197,Artem Tsebrovskiy,Artem Tsebrovskiy
198,Geff Obscura,Geff Obscura
199,Pierre R,Pierre R
200,lupin012,lupin012
201,smartprogrammer93,smartprogrammer93
202,Marin Ivanov,Marin Ivanov
203,hp,HP
204,JU HYEONG PARK,JU HYEONG PARK
205,ahamlat,ahamlat
206,Christian,Christian
207,Shude Li,Shude Li
208,sonicWhale,sonicWhale
209,Bryan Stitt,Bryan Stitt
210,Chen Quan,Chen Quan
211,thinkAfCod,thinkAfCod
212,JoranHonig,JoranHonig
213,Mio,Mio
214,kiel barry,Kiel barry
215,qd-ethan,qd-ethan
216,chidi onyema,chidi onyema
217,Dave Appleton,Dave Appleton
218,Erichin,Erichin
219,Wesley,Wesley
220,Jeff Prestes,Jeff Prestes
221,Håvard Anda Estensen,Havard Anda Estensen
222,ycyraum,ycyraum
223,vdwijden,vdwijden
224,chenyufeng,chenyufeng
225,Juan Cruz,Juan Cruz
226,yep,yep
227,David Huie,David Huie
228,Victor Farazdagi,Victor Farazdagi
229,chabashilah,chabashilah
230,damian-orzechowski,Damian Orzechowski
231,Andy,Andy
232,MrChico,MrChico
233,Tomasz K. Stanczak,Tomasz Stanczak
234,Juuso Haavisto,Juuso Haavisto
235,xD AKA Rapper King Of cn background diablo & revelations,xD AKA Rapper King Of cn background diablo & revelations
236,Krishna Upadhyaya,Krishna Upadhyaya
237,Felipe Strozberg,Felipe Strozberg
238,Martin Klepsch,Martin Klepsch
239,kilic,kilic
240,Nicholas Johnson,Nicholas Johnson
241,Shunsuke Watanabe,Shunsuke Watanabe
242,shana,shana
243,James Cunningham,James Cunningham
244,Tuimf,Tuimf
245,EXEC,EXEC
246,Egor Egorov,Egor Egorov
247,Charing,Charing
248,nicksavers,nicksavers
249,natdurlik,natdurlik
250,Michael Connor,Michael Connor
251,zaccoding,zaccoding
252,Nick Savers,Nick Savers
253,Alex Stokes,Alex Stokes
254,Liang Ma,Liang Ma
255,komika,komika
256,"Li, Cheng","Li, Cheng"
257,mr_franklin,mr_franklin
258,Leon,Leon
259,Marius van der Wijden,Marius van der Wijden
260,Antoine Rondelet,Antoine Rondelet
261,CJentzsch,Christoph Jentzsch
262,Maxim Krasilnikov,Maxim Krasilnikov
263,Ben Holden-Crowther,Ben Holden-Crowther
264,Johns Beharry,Johns Beharry
265,pinkiebell,pinkiebell
266,Alex Wu,Alex Wu
267,Zoe Nolan,Zoe Nolan
268,Luca Zeug,Luca Zeug
269,Martin Michlmayr,Martin Michlmayr
270,ledgerwatch,ledgerwatch
271,Eric Kellstrand,Eric Kellstrand
272,Atkins,Atkins
273,Somu Bhargava,Somu Bhargava
274,Alexander Sadovskyi,Alexander Sadovskyi
275,Giulio Rebuffo,Giulio Rebuffo
276,George Angel,George Angel
277,Deepak Sharma,Deepak Sharma
278,Koosha K,Koosha K
279,Ömer Faruk Irmak,Ömer Faruk Irmak
280,Ceelog,Ceelog
281,Vlad,Vlad Bokov
282,Kitten King,Kitten King
283,halilylm,halilylm
284,awskii,awskii
285,Valentin Wüstholz,Valentin Wüstholz
286,Ahyun,Ahyun
287,pk,pk
288,ForLina,ForLina
289,vim88,vim88
290,1337,1337
291,Armin Braun,Armin Braun
292,Anton Nashatyrev,Anton Nashatyrev
293,Andre Patta,Andre Patta
294,reinerRubin,reinerRubin
295,Roy Langa,Roy Langa
296,Vivek Anand,Vivek Anand
297,Dragan Milic,Dragan Milic
298,Jeffrey Wilcke,Jeffrey Wilcke
299,Joel Burget,Joel Burget
300,PegaSys Admin,PegaSys Admin
301,Andrei Ivasko,Andrei Ivasko
302,J1ang,J1ang
303,Aron Fischer,Aron Fischer
304,Frenzoid,Frenzoid
305,meehow,meehow
306,Osoro Bironga,Osoro Bironga
307,Horacio Mijail Antón Quiles,Horacio Mijail Anton Quiles
308,Guifel,Guifel
309,Magicking,Magicking
310,Mariano Cortesi,Mariano Cortesi
311,Derek Gottfrid,Derek Gottfrid
312,jkcomment,jkcomment
313,Nikhil Suri,Nikhil Suri
314,Koichi Shiraishi,Koichi Shiraishi
315,Arba Sasmoyo,Arba Sasmoyo
316,AleksAvila,AleksAvila
317,Jens W,Jens W
318,HAOYUatHZ,HAOYUatHZ
319,Mats Julian Olsen,Mats Julian Olsen
320,Yohann Leon,Yohann Leon
321,ywzqwwt,ywzqwwt
322,Bruno ?kvorc,Bruno ?kvorc
323,Nikita Kozhemyakin,Nikita Kozhemyakin
324,bas-vk,bas-vk
325,Gregory Markou,Gregory Markou
326,cooganb,cooganb
327,kikilass,kikilass
328,Daniel Sloof,Daniel Sloof
329,Joshua Colvin,Joshua Colvin
330,oseau,oseau
331,HackyMiner,HackyMiner
332,Nalin Bhardwaj,Nalin Bhardwaj
333,Mr-Leshiy,Mr-Leshiy
334,Kaushik Donthi,Kaushik Donthi
335,cdetrio,cdetrio
336,Shihao Xia,Shihao Xia
337,Ferran Borreguero,Ferran Borreguero
338,Osuke,Osuke
339,3nprob,3nprob
340,Eric Robitaille,Eric Robitaille
341,Tim Mustafin,Tim Mustafin
342,Alex Prut,Alex Prut
343,dragonvslinux,dragonvslinux
344,Franklin,Franklin
345,Kristofer Peterson,Kristofer Peterson
346,henridf,henridf
347,Russel Waters,Russel Waters
348,romanman,romanman
349,Julian Koh,Julian Koh
350,Jean-André Santoni,Jean-André Santoni
351,Lazaridis,Lazaridis
352,Boqin Qin,Boqin Qin
353,Smilenator,Smilenator
354,Roberto Saltini,Roberto Saltini
355,Timo Tijhof,Timo Tijhof
356,gurrpi,gurrpi
357,Edward Evans,Edward Evans
358,Nick Ward,Nick Ward
359,SjonHortensius,SjonHortensius
360,Sammy Libre,Sammy Libre
361,Eli,Eli
362,Enrique Fynn,Enrique Fynn
363,Afanasii Kurakin,Afanasii Kurakin
364,chaals,chaals
365,Willian Mitsuda,Willian Mitsuda
366,Gregory Popovitch,Gregory Popovitch
367,Mike Burr,Mike Burr
368,Harry Dutton,Harry Dutton
369,mempirate,mempirate
370,Dmitry Savelev,Dmitry Savelev
371,Mikhail Vazhnov,Mikhail Vazhnov
372,Oskar Haarklou Veileborg,Oskar Haarklou Veileborg
373,Kevin,kevin.xu
374,Davor Kapsa,Davor Kapsa
375,Aditya Arora,Aditya Arora
376,Roberto Bayardo,Roberto Bayardo
377,Pedro Gomes,Pedro Gomes
378,Henrique Barcelos,Henrique Barcelos
379,Rohit Gupta,Rohit Gupta
380,Chen Houwu,Chen Houwu
381,Daniel DeLima,Daniel DeLima
382,hrthaowang,hrthaowang
383,Steve Gattuso,Steve Gattuso
384,Stephen Shelton,Stephen Shelton
385,Kenso Trabing,Kenso Trabing
386,Thibauld Favre,Thibauld Favre
387,Ha DANG,Ha DANG
388,=,=
389,Pulyak Viktor,Pulyak Viktor
390,Nick Dodson,Nick Dodson
391,slumber1122,slumber1122
392,icodezjb,icodezjb
393,Hao Bryan Cheng,Hao Bryan Cheng
394,Vinod Damle,Vinod Damle
395,Connor Stein,Connor Stein
396,xincaosu,xincaosu
397,Erez Wanderman,Erez Wanderman
398,Vitaly V,Vitaly V
399,Rob Mulholand,Rob Mulholand
400,Anusha,Anusha
401,Julian Y,Julian Y
402,Zak Cole,Zak Cole
403,Michael Forney,Michael Forney
404,Rithwik Babu,Rithwik Babu
405,Fefe,Fefe
406,Mohamed Abdulaziz,Mohamed Abdulaziz
407,Sad Pencil,Sad Pencil
408,Marius Kjærstad,Marius Kjærstad
409,Eval EXEC,Eval EXEC
410,ploui,ploui
411,Ricardo Guilherme Schmidt,Ricardo Guilherme Schmidt
412,Harsh Mishra,Harsh Mishra
413,Jorge Mederos,Jorge Mederos
414,John Chase,John Chase
415,njupt-moon,njupt-moon
416,Puneetha Karamsetty,Puneetha Karamsetty
417,Gus,Gus
418,Justin Florentine,Justin Florentine
419,Paulo L F Casaretto,Paulo L F Casaretto
420,Chris Chinchilla,Chris Chinchilla
421,Kawashima,Kawashima
422,Jonathan Gimeno,Jonathan Gimeno
423,Peter Simard,Peter Simard
424,pietjepuk2,pietjepuk2
425,RJ,RJ Catalano
426,milesvant,milesvant
427,nanevardanyan,nanevardanyan
428,Yier,Yier
429,glethuillier,glethuillier
430,Alex Mylonas,Alex Mylonas
431,Zhenyang Shi,Zhenyang Shi
432,Justin Traglia,Justin Traglia
433,Vox,Vox
434,Janko Simonovic,Janko Simonovic
435,Hellsegga,Hellsegga
436,Domino Valdano,Domino Valdano
437,b00ris,b00ris
438,mmsqe,mmsqe
439,Ward Bradt,Ward Bradt
440,Swarnim Pratap Singh,Swarnim Pratap Singh
441,vbuterin,Vitalik Buterin
442,Daniel Celeda,Daniel Celeda
443,Adrià Cidre,Adrià Cidre
444,meowsbits,meowsbits
445,jacobhackman,jacobhackman
446,Rich?rd,Richard Hart
447,Daniel Katzan,Daniel Katzan
448,Jonathan Otto,Jonathan Otto
449,Cory,Corey Lin
450,Danno Ferrin,Danno Ferrin
451,Benjamin Brent,Benjamin Brent
452,Mark Holt,Mark Holt
453,Lee Hyeon,Lee Hyeon
454,Ricardo Silva,Ricardo Silva
455,Ivo Georgiev,Ivo Georgiev
456,Saman H. Pasha,Saman H. Pasha
457,Paul Litvak,Paul Litvak
458,Philip Schlump,Philip Schlump
459,Enrique Jose  Avila Asapche,Enrique Jose  Avila Asapche
460,Taeguk Kwon,Taeguk Kwon
461,bernard-wagner,bernard-wagner
462,Maksim,Maksim
463,catcs,catcs
464,Robert Zaremba,Robert Zaremba
465,Anna Jab?onowska,Anna Jab?onowska
466,Saravana Perumal Shanmugam,Saravana Perumal Shanmugam
467,Jason Frame,Jason Frame
468,setunapo,setunapo
469,Ruohui Wang,Ruohui Wang
470,Gustav Simonsson,Gustav Simonsson
471,Martin Holst Swende,Martin Holst Swende
472,a,a
473,Pierre Neter,Pierre Neter
474,Sachin Kumar Singh,Sachin Kumar Singh
475,Paul Harris,Paul Harris
476,lightclient,Lightcilent
477,matkt,matkt
478,e-danko,e-danko
479,David Cai,David Cai
480,Gabriel-Trintinalia,Gabriel-Trintinalia
481,bgravenorst,bgravenorst
482,mohoff,mohoff
483,zelig,zelig
484,tranvictor,tranvictor
485,Nikola Madjarevic,Nikola Madjarevic
486,Prasanna Pendse,Prasanna Pendse
487,thomasmodeneis,thomasmodeneis
488,Kasper Ziemianek,Kasper Ziemianek
489,Park Changwan,Park Changwan
490,obscuren,obscuren
491,Mymskmkt,Mymskmkt
492,Hadrien Croubois,Hadrien Croubois
493,bgelb,bgelb
494,mark.lin,mark.lin
495,RJ Catalano,RJ Catalano
496,Thomas Bocek,Thomas Bocek
497,Jolly Zhao,Jolly Zhao
498,Corey Farwell,Corey Farwell
499,Ralph Caraveo III,Ralph Caraveo III
500,Levi Aul,Levi Aul
501,zeim839,zeim839
502,Bogdan Stirbat,Bogdan Stirbat
503,Guruprasad Kamath,Guruprasad Kamath
504,baptiste-b-pegasys,baptiste-b-pegasys
505,lzhfromustc,lzhfromustc
506,Pantelis Peslis,Pantelis Peslis
507,michael1011,michael1011
508,Yusup,Yusup
509,Jarrad Hope,Jarrad Hope
510,needkane,needkane
511,evgk,evgk
512,tia-99,tia-99
513,qiuhaohao,qiuhaohao
514,Benoit Verkindt,Benoit Verkindt
515,Firescar96,Firescar96
516,Shintaro Kaneko,Shintaro Kaneko
517,Kumar Anirudha,Kumar Anirudha
518,Roman Mazalov,Roman Mazalov
519,hadv,hadv
520,?ukasz Kurowski,?ukasz Kurowski
521,Li Dongwei,Li Dongwei
522,Ethan Buchman,Ethan Buchman
523,Clayton Jacobs,Clayton Jacobs
524,Antonio Salazar Cardozo,Antonio Salazar Cardozo
525,a-sklyarov,a-sklyarov
526,Pedro Novais,Pedro Novais
527,Peter (bitfly),Peter (bitfly)
528,Mohit Saxena,Mohit Saxena
529,Or Neeman,Or Neeman
530,aron,aaronbuchwald
531,Jason Yellick,Jason Yellick
532,Steven Roose,Steven Roose
533,Brent,Brent
534,Emmanuel T Odeke,Emmanuel T Odeke
535,Sebastian Stammler,Sebastian Stammler
536,Nicolas Gotchac,Nicolas Gotchac
537,hero5512,hero5512
538,Kirill Elagin,Kirill Elagin
539,Gautam Botrel,Gautam Botrel
540,Ratan (Rai) Sur,Ratan Rai Sur
541,Zhang Zhuo,Zhang Zhuo
542,Yohann LEON,Yohann Leon
543,Alex Sharov,Alex Sharov
544,Michael de Hoog,Michael de Hoog
545,Dmitriy Fishman,Dmitriy Fishman
546,Drake Burroughs,Drake Burroughs
547,SeaMonkey82,SeaMonkey82
548,rene,rene
549,Henning Diedrich,Henning Diedrich
550,Obulapathi N Challa,Obulapathi N Challa
551,chuwt,chuwt
552,Dean,Dean
553,Ethan Heilman,Ethan Heilman
554,Yehia Tarek,Yehia Tarek
555,Christian Muehlhaeuser,Christian Muehlhaeuser
556,Pierre Grimaud,Pierre Grimaud
557,Tobias Hildebrandt,Tobias Hildebrandt
558,Nicolas Guillaume,Nicolas Guillaume
559,Thorsten Hirsch,Thorsten Hirsch
560,Michael Ruminer,Michael Ruminer
561,SaNNNNNNNN,SaNNNNNNNN
562,Aditya,Aditya Kode
563,Oleg Kovalov,Oleg Kovalov
564,AmitBRD,AmitBRD
565,protolambda,Diederik Loerakker
566,Kasia Turbiarz,Kasia Turbiarz
567,David Murdoch,David Murdoch
568,sixdays,sixdays
569,rjl493456442,rjl493456442
570,jiang,jiang
571,Sebastian Bathke,Sebastian Bathke
572,Sarlor,Sarlor
573,baizhenxuan,baizhenxuan
574,Kushagra Sharma,Kushagra Sharma
575,rekyyang,rekyyang
576,John Difool,John Difool
577,Mudit Gupta,Mudit Gupta
578,Zhengyan Gao,Zhengyan Gao
579,Eduard S,Eduard S
580,Victor Baranov,Victor Baranov
581,Kwuaint,Kwuaint
582,Ariel Tempelhof,Ariel Tempelhof
583,winsvega,winsvega
584,Mathijs de Bruin,Mathijs de Bruin
585,detailyang,detailyang
586,aaron,aaronbuchwald
587,Andrew Chiw,Andrew Chiw
588,shiqinfeng1,shiqinfeng1
589,Joe Clapis,Joe Clapis
590,Talha Cross,Talha Cross
591,b1ackd0t,b1ackd0t
592,ult-bobonovski,ult-bobonovski
593,Roman Koblov,Roman Koblov
594,Yondon Fu,Yondon Fu
595,Vie,Vie
596,chirag-bgh,chirag-bgh
597,Karim T,Karim Taam
598,arkpar,arkpar
599,Gabriel Fukushima,Gabriel Camargo Fukushima
600,Jaynti Kanani,Jaynti Kanani
601,ayeowch,ayeowch
602,CJ Hare,CJ Hare
603,Alexandr Borodulin,Alexandr Borodulin
604,0xe3b0c4,0xe3b0c4
605,Nimrod Gutman,Nimrod Gutman
606,Abel Nieto,Abel Nieto
607,Jorropo,Jorropo
608,mustafauzunn,mustafauzunn
609,calmbeing,calmbeing
610,Pau,Paul Berg
611,EOS Classic,EOS Classic
612,Simon Jentzsch,Simon Jentzsch
613,Nickolay Savchenko,Nickolay Savchenko
614,ag,ag
615,zhangsoledad,zhangsoledad
616,tgyKomgo,tgyKomgo
617,LieutenantRoger,LieutenantRoger
618,jeffersonwarrior,jeffersonwarrior
619,Peter Broadhurst,Peter Broadhurst
620,Jia Chenhui,Jia Chenhui
621,Edward Mack,Edward Mack
622,Vinicius Stevam,Vinicius Stevam
623,ryanc414,ryanc414
624,C. Brown,C. Brown
625,Manoj Kumar,Manoj Kumar
626,Jason Carver,Jason Carver
627,Sally MacFarlane,Sally MacFarlane
628,Robert Edström,Robert Edström
629,Henry,Henry
630,Uttam Singh,Uttam Singh
631,Simon Dudley,Simon Dudley
632,6xiaowu9,6xiaowu9
633,Maran,Maran
634,Sam,sam bacha
635,MadelineMurray,MadelineMurray
636,Nguyen Kien Trung,Nguyen Kien Trung
637,Davide Savazzi,Davide Savazzi
638,Felix Lange,Felix Lange
639,Or Rikon,Or Rikon
640,Amirul Ashraf,Amirul Ashraf
641,KAI,KAI
642,fynn.z,fynn.z
643,magooster,magooster
644,Crispin Flowerday,Crispin Flowerday
645,Alex Beregszaszi,Alex Beregszaszi
646,xternet,xternet
647,Jonathan Verhees,Jonathan Verhees
648,Michelangelo Riccobene,Michelangelo Riccobene
649,Pascal Marco Caversaccio,Pascal Marco Caversaccio
650,Bo Ye,Bo Ye
651,JoeGruffins,JoeGruffins
652,Giulio M,Giulio Rebuffo
653,Husam Ibrahim,Husam Ibrahim
654,Chase Wright,Chase Wright
655,Matt K,Matt Kula
656,Martin Redmond,Martin Redmond
657,Mark Rushakoff,Mark Rushakoff
658,Adrian Sutton,Adrian Sutton
659,Rafael Matias,Rafael Matias
660,William Morriss,William Morriss
661,Kamil Chodo?a,Kamil Chodo?a
662,Kyuntae Ethan Kim,Kyuntae Ethan Kim
663,Kobi Gurkan,Kobi Gurkan
664,Thomas Jay Rush,Thomas Jay Rush
665,Lautaro Emanuel,Lautaro Emanuel
666,kumavis,kumavis
667,alexqrid,alexqrid
668,Cayman Nava,Cayman Nava
669,YaoZengzeng,Yao Zengzeng
670,fomotrader,fomotrader
671,? Elliot Shepherd,? Elliot Shepherd
672,Rob Dawson,Rob Dawson
673,Jussi Virtanen,Jussi Virtanen
674,0xMaxMa,0xMaxMa
675,Dhruv Bodani,Dhruv Bodani
676,wbt,wbt
677,Janos Guljas,Janos Guljas
678,Lorenzo Manacorda,Lorenzo Manacorda
679,Jim McDonald,Jim McDonald
680,shigeyuki azuchi,shigeyuki azuchi
681,Maxime Quandalle,Maxime Quandalle
682,Abirdcfly,Abirdcfly
683,jacksoom,jacksoom
684,DoubleWoodH,DoubleWoodH
685,yahtoo,yahtoo
686,Freeman Jiang,Freeman Jiang
687,Airead,Airead
688,Christopher Mckay,Christopher Mckay
689,CrashOverride,CrashOverride
690,Richard Patel,Richard Patel
691,usmananwar,usmananwar
692,wuff1996,wuff1996
693,?????? ????? (Leonid Yuriev),?????? ????? (Leonid Yuriev)
694,hydai,hydai
695,soc1c,soc1c
696,cui fliter,cui fliter
697,andrew,Andrew Ashikhmin
698,Ferenc Szabo,Ferenc Szabo
699,Shivam Sandbhor,Shivam Sandbhor
700,ethers,ethers
701,Delweng,Delweng
702,Ben Kirwin,Ben Kirwin
703,Edward,Edward Evans
704,Somnath Banerjee,Somnath Banerjee
705,PilkyuJung,PilkyuJung
706,Jonny Rhea,Jonny Rhea
707,Luke Champine,Luke Champine
708,George Hotz,George Hotz
709,courtier,courtier
710,Miguel Mota,Miguel Mota
711,LeoLiao,LeoLiao
712,????,???
713,Enrique Ortiz,Enrique Ortiz
714,Ben Adams,Ben Adams
715,Grachev Mikhail,Grachev Mikhail
716,DongXi Huang,DongXi Huang
717,Eng Zer Jun,Eng Zer Jun
718,Qian Bin,Qian Bin
719,kkokosa,kkokosa
720,int88,int88
721,Paul-Armand Verhaegen,Paul-Armand Verhaegen
722,G. Kay Lee,G. Kay Lee
723,Kurkó Mihály,Kurkó Mihály
724,unknown,unknown
725,Matija Folnovic,Matija Folnovic
726,Reg,Reg
727,Marc-André Dumas,Marc-André Dumas
728,tkstanczak,Tomasz Stanczak
729,Rajdeep Singh,Rajdeep Singh
730,Felix Yan,Felix Yan
731,Wihan de Beer,Wihan de Beer
732,williambannas,williambannas
733,Justus,Justus
734,Rajaram Gaunker,Rajaram Gaunker
735,Stéphane Loeuillet,Stéphane Loeuillet
736,tzapu,tzapu
737,Victor Deleau,Victor Deleau
738,Saulius Grigaitis,Saulius Grigaitis
739,Tim Myers,Tim Myers
740,salanfe,salanfe
741,Iskander (Alex) Sharipov,Iskander (Alex) Sharipov
742,Bob Glickstein,Bob Glickstein
743,Stefan Pingel,Stefan Pingel
744,Bakuchi,Bakuchi
745,Paul,Paul Berg
746,Maximilian Meister,Maximilian Meister
747,Chris Mckay,Christopher Mckay
748,lailiuyuan,lailiuyuan
749,Marian OANC?A,Marian OANC?A
750,willian.eth,willian.eth
751,Jeremy McNevin,Jeremy McNevin
752,Sasuke1964,Sasuke1964
753,xiekeyang,xiekeyang
754,Gabriel Camargo Fukushima,Gabriel Camargo Fukushima
755,Lawrence Aiello,Lawrence Aiello
756,Bas van Kervel,Bas van Kervel
757,Lewis Marshall,Lewis Marshall
758,gregg dourgarian,gregg dourgarian
759,Nilesh Trivedi,Nilesh Trivedi
760,lmittmann,lmittmann
761,Tomasz Kajetan Stanczak,Tomasz Stanczak
762,Steve Waldman,Steve Waldman
763,Elad Nachmias,Elad Nachmias
764,Defido Coin,Defido Coin
765,Amin Talebi,Amin Talebi
766,Piotr Dyraga,Piotr Dyraga
767,tsarpaul,tsarpaul
768,Miguel Tenorio,Miguel Tenorio
769,Gav Wood,Gav Wood
770,joohhnnn,joohhnnn
771,imulmat4,imulmat4
772,gary rong,Gary Rong
773,noel,noel
774,benma,benma
775,xq840622,xq840622
776,Ratan Rai Sur,Ratan Rai Sur
777,VoR0220,VoR0220
778,Sandra Wang,Sandra Wang
779,Trent Mohay,Trent Mohay
780,Fynn,fynn.z
781,dtan3847,dtan3847
782,Dan Melton,Dan Melton
783,Arash,Arash
784,ferhat elmas,ferhat elmas
785,ethersphere,ethersphere
786,villesundell,villesundell
787,uji,uji
788,nkbai,nkbai
789,yong,yong
790,caktux,caktux
791,Ian Macalinao,Ian Macalinao
792,Afr Schoe,Afri Schoeden
793,storyicon,storyicon
794,zah,zah
795,Isidoro Ghezzi,Isidoro Ghezzi
796,Tien,Tien
797,Jamie Pitts,Jamie Pitts
798,Klaudia Jazgar,Klaudia Jazgar
799,openex,openex
800,The-Coomer,The-Coomer
801,zyfrank,zyfrank
802,Brett Henderson,Brett Henderson
803,Matt Kula,Matt Kula
804,Jeffery Robert Walsh,Jeffery Robert Walsh
805,atsushi-ishibashi,atsushi-ishibashi
806,Jiri Peinlich,Jiri Peinlich
807,Greg Colvin,Greg Colvin
808,Fredrik Svantes,Fredrik Svantes
809,Heiko Heiko,Heiko Heiko
810,rangzen,rangzen
811,garyschulte,garyschulte
812,Seonggwon Yoon,Seonggwon Yoon
813,Richard Littauer,Richard Littauer
814,net.wyman,net.wyman
815,Antoine Toulme,Antoine Toulme
816,Olivier H,Olivier H
817,TBC Dev,TBC Dev
818,Alexey Sharp,Alex Sharp
819,George Carder,George Carder
820,MichaelRiabzev-StarkWare,MichaelRiabzev-StarkWare
821,zgfzgf,zgfzgf
822,Kris Shinn,Kris Shinn
823,turboboost55,turboboost55
824,zhiqiangxu,zhiqiangxu
825,Joseph Goulden,Joseph Goulden
826,Stein Dekker,Stein Dekker
827,necaremus,necaremus
828,banteg,banteg
829,Piotr Gankiewicz,Piotr Gankiewicz
830,Markus Keil,Markus Keil
831,Water,Water
832,Steven E. Harris,Steven E. Harris
833,Diego Siqueira,Diego Siqueira
834,farwayer,farwayer
835,Aditya Kode,Aditya Kode
836,Chris Pacia,Chris Pacia
837,Nic Jansma,Nic Jansma
838,Valentin Trinqué,Valentin Trinqué
839,DenrianWeiss,DenrianWeiss
840,Devon Bear,Devon Bear
841,Evgeny Danilenko,Evgeny Danilenko
842,Ikko Ashimine,Ikko Ashimine
843,Balint Gabor,Balint Gabor
844,fenghaojiang,fenghaojiang
845,Jonathan Le Brun,Jonathan Brown
846,Leonardo Yvens,Leonardo Yvens
847,kevin.xu,kevin.xu
848,mbaxter,mbaxter
849,Tristan-Wilson,Tristan-Wilson
850,lwh,lwh
851,manlio,manlio
852,Seungbae Yu,Seungbae Yu
853,mace,mace
854,strykerin,strykerin
855,Mihai,Mihai
856,Tanishq Jasoria,Tanishq Jasoria
857,Arun kumar,Arun kumar
858,Elias Naur,Elias Naur
859,Fox Reymann,Fox Reymann
860,Attila Gazso,Attila Gazso
861,Jake Haugen,Jake Haugen
862,me020523,me020523
863,xinbenlv,xinbenlv
864,ImanSharaf,ImanSharaf
865,silence,SilentCicero
866,Pavol Rusnak,Pavol Rusnak
867,a e r t h,a e r t h
868,Nikita Mescheryakov,Nikita Mescheryakov
869,Carl Allendorph,Carl Allendorph
870,Frank Li,Frank Li
871,Mike Neuder,Mike Neuder
872,Joseph Cook,Joseph Cook
873,Usman Saleem,Usman Saleem
874,bailantaotao,bailantaotao
875,Steven Gregg,Steven Gregg
876,Eugene Lepeico,Eugene Lepeico
877,panicalways,panicalways
878,Antony Denyer,Antony Denyer
879,Reinhard Schu,Reinhard Schu
880,Dmitry Savonin,Dmitry Savonin
881,Satpal,Satpal
882,Felföldi Zsolt,Felföldi Zsolt
883,makcandrov,makcandrov
884,Eduardo Antuña Díez,Eduardo Antuña Díez
885,piersy,piersy
886,Martin,Martin Becze
887,wangxiang,wangxiang
888,flowerofdream,flowerofdream
889,Peter Lai,Peter Lai
890,Yoichi Hirai,Yoichi Hirai
891,David Mechler,David Mechler
892,Ali92hm,Ali92hm
893,Péter Szilágyi,Peter Szilagyi
894,Mark Tyneway,Mark Tyneway
895,lonika,lonika
896,Vladyslav Lupashevskyi,Vladyslav Lupashevskyi
897,Seungbae.yu,Seungbae Yu
898,Bing Clo,Bing Clo
899,Matthew Di Ferrante,Matthew Di Ferrante
900,Zach,Zach
901,am2rican5,am2rican5
902,Quest Henkart,Quest Henkart
903,nolash,nolash
904,Brion,Brion
905,thumb8432,thumb8432
906,Elad_,Elad Nachmias
907,Blockchain-Trainer,Blockchain-Trainer
908,isdyaufh8o7cq,isdyaufh8o7cq
909,tamirms,tamirms
910,George Ornbo,George Ornbo
911,Jaanek Oja,Jaanek Oja
912,Maxim Zhiburt,Maxim Zhiburt
913,Gerald Nash,Gerald Nash
914,subtly,subtly
915,Petr Mikusek,Petr Mikusek
916,Harry Kalodner,Harry Kalodner
917,Fire Man,Fire Man
918,Nick Kjolsing,Nick Kjolsing
919,Yao Zengzeng,Yao Zengzeng
920,tintin,tintin
921,Nathan (Blaise) Bruer,Nathan (Blaise) Bruer
922,Marek Moraczy?ski,Marek Moraczynski
923,Marius,Marius
924,Ali Atiia,Ali Atiia
925,Agustin Armellini Fischer,Agustin Armellini Fischer
926,Alireza Arjmand,Alireza Arjmand
927,raulk,raulk
928,CarstenNZ,CarstenNZ
929,Justin Clark-Casey,Justin Clark-Casey
930,Alberto Hernandez,Alberto Hernandez
931,Kenji Siu,Kenji Siu
932,Adam Schmideg,Adam Schmideg
933,divergencetech,divergencetech
934,Egon Elbre,Egon Elbre
935,gladcow,gladcow
936,Sumit Sarin,Sumit Sarin
937,Joshua Fernandes,Joshua Fernandes
938,"XuDon9 Liu AKA Rapper Of CN background diablo & revelations, a man optimistic, negative, silent, active, Taoism",xD AKA Rapper King Of cn background diablo & revelations
939,Dave Conroy,Dave Conroy
940,Parithosh Jayanthi,Parithosh Jayanthi
941,Ayman Bouchareb,Ayman Bouchareb
942,Matthew Wampler-Doty,Matthew Wampler-Doty
943,yoza,yoza
944,Sasha Duke,Sasha Duke
945,juroberttyb,juroberttyb
946,Nikola,Nikola
947,lash,lash
948,Daniel Choi,Daniel Choi
949,Nicola Cocchiaro,Nicola Cocchiaro
950,fab-10,fab-10
951,Anshul Yadav,Anshul Yadav
952,shawn,shawn
953,sunxiaojun2014,sunxiaojun2014
954,Chi Kei Chan,Chi Kei Chan
955,Armani Ferrante,Armani Ferrante
956,aaronbuchwald,aaronbuchwald
957,matilote,matilote
958,Addy Yeow,Addy Yeow
959,Alpay Yildirim,Alpay Yildirim
960,Roderik van der Veer,Roderik van der Veer
961,Jeff Wentworth,Jeff Wentworth
962,Hanjiang Yu,Hanjiang Yu
963,Viktor Trón,Viktor Trón
964,jt9897253,jt9897253
965,?ukasz Zimnoch,?ukasz Zimnoch
966,YH-Zhou,YH-Zhou
967,leonardchinonso,Leonard Chinonso
968,iszubok,iszubok
969,Andrei Maiboroda,Andrei Maiboroda
970,Liang ZOU,Liang ZOU
971,Philip Fan,Philip Fan
972,Victor Shyba,Victor Shyba
973,Christopher Harrison,Christopher Harrison
974,Joey Zhou,Joey Zhou
975,Jesse Tane,Jesse Tane
976,Alexey Sharov,Alex Sharov
977,stormpang,stormpang
978,Nischal Sharma,Nischal Sharma
979,Matt Gucci,Matt Gucci
980,Diep Pham,Diep Pham
981,anthonybuckle,anthonybuckle
982,||= nil,||= nil
983,Dave,Dave Appleton
984,zhaochonghe,zhaochonghe
985,mark-terry,mark-terry
986,annaszeszula,annaszeszula
987,Roc Yu,Roc Yu
988,nicky g,nicky g
989,peter cresswell,peter cresswell
990,Vaibhaw,Vaibhaw
991,tripplegreen,tripplegreen
992,Guillaume Lethuillier,Guillaume Lethuillier
993,ANOTHEL,ANOTHEL
994,bloonfield,bloonfield
995,Ev,Ev
996,Oli Bye,Oli Bye
997,@edgararout,Edgar Aroutiounian
998,Flash Sheridan,Flash Sheridan
999,Balaji Shetty Pachai,Balaji Shetty Pachai
1000,Noman,Noman
1001,Matt Nelson,Matt Nelson
1002,Gustavo Silva,Gustavo Silva
1003,Dmitrij Koniajev,Dmitrij Koniajev
1004,Sungwoo Kim,Sungwoo Kim
1005,bl0up,bl0up
1006,Georgios Konstantopoulos,Georgios Konstantopoulos
1007,Jordan Krage,Jordan Krage
1008,Sanghee Choi,Sanghee Choi
1009,Di Peng,Di Peng
1010,Andrew Ashikhmin,Andrew Ashikhmin
1011,Daniel A. Nagy,Daniel A. Nagy
1012,Daniel Fernandes,Daniel Fernandes
1013,Nikita Kryuchkov,Nikita Kryuchkov
1014,Darioush Jalali,Darioush Jalali
1015,Darrel Herbst,Darrel Herbst
1016,emhane,emhane
1017,primal_concrete_sledge,primal_concrete_sledge
1018,Russ Cox,Russ Cox
1019,CHAMI Rachid,CHAMI Rachid
1020,Ivan Aracki,Ivan Aracki
1021,Alex Mazalov,Alex Mazalov
1022,Adam Spiers,Adam Spiers
1023,Brandon Holland,Brandon Holland
1024,stompesi,stompesi
1025,Oleg Jakushkin,Oleg Jakushkin
1026,Boqin@MetaSecureLabs,Boqin@MetaSecureLabs
1027,Fabio Berger,Fabio Berger
1028,David Chase,David Cai
1029,Leif Jurvetson,Leif Jurvetson
1030,Luke Yeager,Luke Yeager
1031,Dan Cline,Dan Cline
1032,Mark Evenson,Mark Evenson
1033,Lion - dapplion,Lion - dapplion
1034,Alejandro Isaza,Alejandro Isaza
1035,terrencecooke,terrencecooke
1036,Diederik Loerakker,Diederik Loerakker
1037,Dan Laine,Dan Cline
1038,Adam Babik,Adam Babik
1039,changhong,changhong
1040,sandakersmann,sandakersmann
1041,Try Space,Try Space
1042,varasev,varasev
1043,Corey Lin,Corey Lin
1044,Mark,Mark Evenson
1045,Shane Bammel,Shane Bammel
1046,Zachinquarantine,Zachinquarantine
1047,Natsu Kagami,Natsu Kagami
1048,Szymon Kulec,Szymon Kulec
1049,Yurie,Yurie
1050,Jano? Gulja?,Janos Guljas
1051,KibGzr,KibGzr
1052,waymobetta,waymobetta
1053,Steven Dee,Steven Dee
1054,rhaps107,rhaps107
1055,Javier Sagredo,Javier Sagredo
1056,gaia,gaia
1057,ligi,ligi
1058,Hamza Shafique,Hamza Shafique
1059,Geon Kim,Geon Kim
1060,Ivan Daniluk,Ivan Daniluk
1061,dmitriyselivanov,dmitriyselivanov
1062,Eugene,Eugene Lepeico
1063,alon muroch,alon muroch
1064,Ahmad Bitar,Ahmad Bitar
1065,Lee Bousfield,Lee Bousfield
1066,Steve Ruckdashel,Steve Ruckdashel
1067,zer0to0ne,zer0to0ne
1068,CDsigma,CDsigma
1069,Rachel Bousfield,Rachel Bousfield
1070,Edgar Aroutiounian,Edgar Aroutiounian
1071,Tyler Chambers,Tyler Chambers
1072,xiyang,xiyang
1073,Guillaume NICOLAS,Guillaume NICOLAS
1074,Mateusz Morusiewicz,Mateusz Morusiewicz
1075,Max Sistemich,Max Sistemich
1076,Jonathan Brown,Jonathan Brown
1077,Nick Johnson,Nicholas Johnson
1078,Shinto C V,Shinto C V
1079,Steve Mieskoski,Steve Mieskoski
1080,Nguyen Sy Thanh Son,Nguyen Sy Thanh Son
1081,Ali Hajimirza,Ali Hajimirza
1082,Laura Bailey,Laura Bailey
1083,lhendre,lhendre
1084,Tosh Camille,Tosh Camille
1085,williamberman,williamberman
1086,Vedhavyas Singareddi,Vedhavyas Singareddi
1087,Gari Singh,Gari Singh
1088,Suyash Nayan,Suyash Nayan
1089,Dan DeGreef,Dan DeGreef
1090,Evgeny,Evgeny Danienko
1091,omahs,omahs
1092,xwjack,xwjack
1093,Abdelhamid Bakhta,Abdelhamid Bakhta
1094,sarah,sarah
1095,Amit Panghal,Amit Panghal
1096,Mateusz J?drzejewski,Mateusz J
1097,Dave McGregor,Dave McGregor
1098,Groute,Groute
1099,John Adler,John Adler
1100,dipingxian2,dipingxian2
1101,Ahmet Avci,Ahmet Avci
1102,David Hwang,David Hwang
1103,Anton Markelov,Anton Markelov
1104,Manav Darji,Manav Darji
1105,weimumu,weimumu
1106,brendan-kelly,brendan-kelly
1107,TY,TY
1108,Nebojsa Urosevic,Nebojsa Urosevic
1109,Falco,Falco
1110,jwasinger,jwasinger
1111,chenglin,chenglin
1112,Greg Myers,Greg Myers
1113,Kosuke Taniguchi,Kosuke Taniguchi
1114,Rick,Ricardo Domingos
1115,wanderer,wanderer
1116,Ruben Buniatyan,Ruben Buniatyan
1117,Suriyaa Sundararuban,Suriyaa Sundararuban
1118,sharad-develop,sharad-develop
1119,Damian Orzechowski,Damian Orzechowski
1120,Steven Schroeder,Steven Schroeder
1121,Chawin Aiemvaravutigul,Chawin Aiemvaravutigul
1122,Zsolt Felfoldi,Zsfelfoldi
1123,racytech,racytech
1124,Dmitry Zenovich,Dmitry Zenovich
1125,Ryan Schneider,Ryan Schneider
1126,Roman Krasiuk,Roman Krasiuk
1127,Ales Katona,Ales Katona
1128,ken10100147,ken10100147
1129,Prince Sinha,Prince Sinha
1130,Justin,Justin
1131,timothy,timothy
1132,Jay,Jay Guo
1133,Miya Chen,Miya Chen
1134,Anshal Shukla,Anshal Shukla
1135,Alex Sharp,Alex Sharov
1136,Adrian Sabau,Adrian Sabau
1137,cgst,cgst
1138,Nishant Das,Nishant Das
1139,Lio??,Lio??
1140,ucwong,ucwong
1141,Mskxn,Mskxn
1142,FrankWang,FrankWang
1143,Vincent Serpoul,Vincent Serpoul
1144,Edwin Greene,Edwin Greene
1145,Joe Netti,Joe Netti
1146,Evolution404,Evolution404
1147,kevaundray,kevaundray
1148,Nicolas Feignon,Nicolas Feignon
1149,Benjamin Prosnitz,Benjamin Prosnitz
1150,yperbasis,yperbasis
1151,yihuang,yihuang
1152,Yole,Yole
1153,yutianwu,yutianwu
1154,Nicolas MASSART,Nicolas MASSART
1155,Making GitHub Delicious,Making GitHub Delicious
1156,Marian Oancea,Marian Oancea
1157,tbocek,tbocek
1158,Grzegorz Lesniakiewicz,Grzegorz Lesniakiewicz
1159,foxreymann,foxreymann
1160,zcheng9,zcheng9
1161,Jeff Rossiter,Jeff Rossiter
1162,Koustubh Sinkar,Koustubh Sinkar
1163,Thomas Taylor,Thomas Taylor
1164,Luozhu,Luozhu
1165,villanuevawill,villanuevawill
1166,Manoj Mamidyala,Manoj Mamidyala
1167,Denver,Denver
1168,croath,croath
1169,battlmonstr,battlmonstr
1170,Mohanson,Mohanson
1171,Emil,Emil
1172,Micah Zoltu,Micah Zoltu
1173,Rémy Roy,Rémy Roy
1174,Leonard Chinonso,Leonard Chinonso
1175,Tatsuya Shimoda,Tatsuya Shimoda
1176,Rob,Rob Dawson
1177,Roman Vaseev,Roman Vaseev
1178,Hector Chu,Hector Chu
1179,1swaraj,1swaraj
1180,Obtuse7772,Obtuse7772
1181,David Dzhalaev,David Dzhalaev
1182,Binacs,Binacs
1183,Fabian Raetz,Fabian Raetz
1184,Ivan Kuznetsov,Ivan Kuznetsov
1185,Brian Schroeder,Brian Schroeder
1186,Suhabe Bugrara,Suhabe Bugrara
1187,Timur Badretdinov,Timur Badretdinov
1188,Richard Schumann,Richard Schumann
1189,Pawe? Bylica,Pawel Byilca
1190,Chris Ziogas,Chris Ziogas
1191,Dan Kinsley,Dan Kinsley
1192,Igor Mandrigin,Igor Mandrigin
1193,Camilo Reis Dotto,Camilo Reis Dotto
1194,Shiming,Shiming
1195,Paul Lange,Paul Lange
1196,Sebastian Supreme,Sebastian Supreme
1197,formatting,formatting
1198,Evangelos Pappas,Evangelos Pappas
1199,mikolajsobolewski,mikolajsobolewski
1200,Peter Robinson,Peter Robinson
1201,gluk256,gluk256
1202,kimmylin,kimmylin
1203,Yang Hau,Yang Hau
1204,michaelscheung,michaelscheung
1205,John C. Vernaleo,John C. Vernaleo
1206,libby kent,libby kent
1207,Giulio rebuffo,Giulio Rebuffo
1208,terasum,terasum
1209,Pedro Pombeiro,Pedro Pombeiro
1210,RP27,RP27
1211,Bartosz Kreft,Bartosz Kreft
1212,noam-alchemy,noam-alchemy
1213,shuo,shuo
1214,KimMachineGun,KimMachineGun
1215,Marek Kotewicz,Marek Kotewicz
1216,Miro,Miro
1217,jtakalai,jtakalai
1218,Jerzy Lasyk,Jerzy Lasyk
1219,Kushal Babel,Kushal Babel
1220,Zig Blathazar,Zig Blathazar
1221,timcooijmans,timcooijmans
1222,Matthew Halpern,Matthew Halpern
1223,Ti Zhou,Ti Zhou
1224,Mark Shields,Mark Shields
1225,sudeep,sudeep
1226,FaceHo,FaceHo
1227,Elad,Elad Nachmias
1228,Richard Hart,Richard Hart
1229,Casey Kuhlman,Casey Kuhlman
1230,Sly Gryphon,Sly Gryphon
1231,Aron,aaronbuchwald
1232,Oliver Tale-Yazdi,Oliver Tale-Yazdi
1233,nebojsa94,nebojsa94
1234,Ivaylo Kirilov,Ivaylo Kirilov
1235,Mark Vujevits,Mark Vujevits
1236,Tbnoapi,Tbnoapi
1237,Ha ?ANG,Ha DANG
1238,Marcos Antonio Maceo,Marcos Antonio Maceo
1239,Hongbin Mao,Hongbin Mao
1240,SajZ,SajZ
1241,Wuxiang,Wuxiang
1242,nujabes403,nujabes403
1243,martin becze,Martin Becze
1244,taccatisid,taccatisid
1245,Alex Nebotov,Alex Nebotov
1246,Evgeny Kolyakov,Evgeny Kolyakov
1247,Brandon Harden,Brandon Harden
1248,Vitaly Bogdanov,Vitaly Bogdanov
1249,Shuai Qi,Shuai Qi
1250,Rachel Franks,Rachel Franks
1251,Ry Jones,Ry Jones
1252,Victor Naumik,Victor Naumik
1253,YOSHIDA Masanori,YOSHIDA Masanori
1254,Horacio Mijail Anton Quiles,Horacio Mijail Anton Quiles
1255,Kiel barry,Kiel barry
1256,Cody Born,Cody Born
1257,hsyodyssey,hsyodyssey
1258,ValValu,ValValu
1259,Ziyuan Zhong,Ziyuan Zhong
1260,xinluyin,xinluyin
1261,Jorge Arce-Garro,Jorge Arce-Garro
1262,Lucas Cullen,Lucas Cullen
1263,Curith,Curith
1264,jin,jin
1265,Melvin Junhee Woo,Melvin Junhee Woo
1266,Greg Lesniakiewicz,Grzegorz Lesniakiewicz
1267,Luke Montgomery,Luke Montgomery
1268,br0tchain,br0tchain
1269,Jay Guo,Jay Guo
1270,Tim Beiko,Tim Beiko
1271,Thad Guidry,Thad Guidry
1272,Louis Holbrook,Louis Holbrook
1273,Fiisio,Fiisio
1274,Jeff R. Allen,Jeff R. Allen
1275,Daniel Lehrner,Daniel Lehrner
1276,Patrick O'Grady,Patrick O'Grady
1277,Christian Felde,Christian Felde
1278,Tyler Ferrara,Tyler Ferrara
1279,puhtaytow,puhtaytow
1280,Ikko Eltociear Ashimine,Ikko Ashimine
1281,Martin Alex Philip Dawson,Martin Alex Philip Dawson
1282,Krzysztof Chowanski,Krzysztof Chowanski
1283,alex.sharov,Alex Sharov
1284,jovijovi,jovijovi
1285,jk-jeongkyun,jk-jeongkyun
1286,Gianfranco Cecconi,Gianfranco Cecconi
1287,yumiel yoomee1313,yumiel yoomee1313
1288,Andrea Franz,Andrea Franz
1289,julio4,julio4
1290,lukelee-sl,lukelee-sl
1291,Uwe Voelker,Uwe Voelker
1292,Preston Van Loon,Preston Van Loon
1293,Zhenguo Niu,Zhenguo Niu
1294,Zhou Zhiyao,Zhou Zhiyao
1295,minh-bq,minh-bq
1296,Li Xuanji,Li Xuanji
1297,Giuseppe Bertone,Giuseppe Bertone
1298,Alexander van der Meij,Alexander van der Meij
1299,Jeremy Schlatter,Jeremy Schlatter
1300,Mateusz J,Mateusz J
1301,Tim Daubenschütz,Tim Daubenschütz
1302,sjlee1125,sjlee1125
1303,HarryWu,HarryWu
1304,Dan Kelly,Dan Kelly
1305,Konrad Feldmeier,Konrad Feldmeier
1306,Lucas Hendren,Lucas Hendren
1307,SebastianDremo,SebastianDremo
1308,nala,nala
1309,Aaron Hnatiw,Aaron Hnatiw
1310,SilentCicero,SilentCicero
1311,BitBaseBit,BitBaseBit
1312,Pawan Singh Pal,Pawan Singh Pal
1313,Daniel Perez,Daniel Perez
1314,Wenbiao Zheng,Wenbiao Zheng
1315,Peter Pratscher,Peter Pratscher
1316,akiva,akiva
1317,Omar Ceja,Omar Ceja
1318,haryu703,haryu703
1319,mulili,mulili
1320,TColl,TColl
1321,Stephen Flynn,Stephen Flynn
1322,AusIV,AusIV
1323,Changyoung Koh,Changyoung Koh
1324,Jordan Cohen,Jordan Cohen
1325,Yash Atwal,Yash Atwal
1326,Derek Chiang,Derek Chiang
1327,GagziW,GagziW
1328,Alan Chen,Alan Chen
1329,mars,mars
1330,Gavin Goodship,Gavin Goodship
1331,therainisme,therainisme
1332,Guido Vranken,Guido Vranken
1333,Gary Rong,Gary Rong
1334,Stevan Lohja,Stevan Lohja
1335,Ricardo Domingos,Ricardo Domingos
1336,Paul Berg,Paul Berg
