,0,0
0,Artur Troian,Artem Tsebrovskiy
1,Afri Schoedon,Sheldon
2,Afri Schoedon,Brian Schroeder
3,nobody,Andy
4,Raghav Sood,Gav Wood
5,Peter Davies,Peter Simard
6,Peter Davies,Pedro Novais
7,Peter Davies,Peter Broadhurst
8,Peter Davies,ethers
9,Peter Davies,Petr Mikusek
10,Peter Davies,Peter Robinson
11,Peter Davies,Peter Pratscher
12,JoeG,Jorge
13,Alexey Shekhirin,Alexey
14,Alexey Shekhirin,Alexey Akhunov
15,Alexey Shekhirin,Alex Sharov
16,Alexey Shekhirin,Alexey Sharp
17,Alexey Shekhirin,Alexey Sharov
18,Alexey Shekhirin,Alex Sharp
19,Mario Vega,Mariano Cortesi
20,Mario Vega,Mark Tyneway
21,Mario Vega,Fabio Berger
22,Mario Vega,Marian Oancea
23,Changhoon Lee,Yohann Leon
24,Changhoon Lee,changhong
25,Alexey,Alex Cabrera
26,Alexey,Alex Willmer
27,Alexey,Alexey Akhunov
28,Alexey,Alex Stokes
29,Alexey,Alex Wu
30,Alexey,Alex Mylonas
31,Alexey,Alexey Sharp
32,Alexey,Alexey Sharov
33,Alexey,Alex Nebotov
34,Ian Norden,Grant Noble
35,Ian Norden,Brandon Harden
36,Ian Norden,Jordan Cohen
37,Charles Cooper,Michael Connor
38,Charles Cooper,The-Coomer
39,Mauricio Perdomo,Martin Redmond
40,Alex Cabrera,Alex Willmer
41,Alex Cabrera,Alex Prut
42,Alex Cabrera,Alex Sharov
43,Alex Cabrera,Alex Beregszaszi
44,Alex Cabrera,Alexey Sharp
45,Alex Cabrera,George Carder
46,Alex Cabrera,Alexey Sharov
47,Alex Cabrera,Alex Mazalov
48,Alex Cabrera,Tyler Chambers
49,Alex Cabrera,Alex Sharp
50,Omer Korner,Harry Kalodner
51,Nick Paterno,nicksavers
52,Nick Paterno,Nick Savers
53,Nick Paterno,Nick Ward
54,Nick Paterno,Nickolay Savchenko
55,Nick Paterno,Richard Patel
56,Nick Paterno,Nic Jansma
57,Nick Paterno,Nick Johnson
58,Giulio,kilic
59,Giulio,Giulio Rebuffo
60,Giulio,Giulio rebuffo
61,Giulio,julio4
62,Maxim Andreev,Maxime Quandalle
63,Jonathan Chappelow,John Chase
64,Jonathan Chappelow,Jonathan Gimeno
65,Jonathan Chappelow,Jonathan Otto
66,Jonathan Chappelow,Jonathan Verhees
67,Jonathan Chappelow,Jonathan Le Brun
68,Jonathan Chappelow,Jonathan Brown
69,Sheldon,Sean
70,Sheldon,Leon
71,Sheldon,Stephen Shelton
72,William Setzer,Willian Mitsuda
73,William Setzer,William Morriss
74,William Setzer,Maximilian Meister
75,William Setzer,willian.eth
76,William Setzer,williamberman
77,laughship,lash
78,emile,Temirlan
79,emile,Wesley
80,emile,mempirate
81,emile,milesvant
82,emile,matilote
83,emile,emhane
84,emile,Emil
85,emile,mulili
86,Chase,chaals
87,Chase,John Chase
88,Chase,Chase Wright
89,Chase,CarstenNZ
90,Chase,emhane
91,Chase,David Chase
92,Runchao Han,Ruohui Wang
93,Runchao Han,Richard Hart
94,Sorin Neacsu,Binacs
95,sam bacha,Husam Ibrahim
96,sam bacha,Elad Nachmias
97,sam bacha,sarah
98,Dan Sosedoff,Daniel Sloof
99,Tangui Clairet,Dan Cline
100,Katarzyna Turbiarz,Kasia Turbiarz
101,Noel Maersk,Samuel Marks
102,Noel Maersk,Nick Savers
103,Noel Maersk,Russel Waters
104,Noel Maersk,Jorge Mederos
105,Noel Maersk,Greg Myers
106,George Tebrean,George Patterson
107,George Tebrean,George Angel
108,George Tebrean,George Hotz
109,George Tebrean,George Carder
110,George Tebrean,George Ornbo
111,z89,zeim839
112,cui,courtier
113,cui,uji
114,Ilan Gitter,Bryan Stitt
115,Ilan Gitter,Maximilian Meister
116,George Patterson,George Angel
117,George Patterson,Kristofer Peterson
118,George Patterson,Steve Gattuso
119,George Patterson,Jorge Mederos
120,George Patterson,George Hotz
121,George Patterson,George Carder
122,George Patterson,George Ornbo
123,George Patterson,Jeremy Schlatter
124,hackyminer,jacobhackman
125,hackyminer,Michael Ruminer
126,Artem Vorotnikov,Artem Tsebrovskiy
127,alexwang,hrthaowang
128,alexwang,detailyang
129,alexwang,calmbeing
130,alexwang,xiyang
131,alexwang,Paul Lange
132,Gustav-Simonsson,Gustavo Silva
133,Andrea Lanfranchi,Andrew Chiw
134,Andrea Lanfranchi,Andrea Franz
135,Joshua Gutow,Joshua Colvin
136,Joshua Gutow,Jonathan Otto
137,Joshua Gutow,Jay Guo
138,Jochen Müller,John Adler
139,Jared Doro,Jarrad Hope
140,Jared Doro,Dave Conroy
141,Nicholas,Nicholas Johnson
142,Nicholas,chaals
143,Nicholas,Nicolas Gotchac
144,Nicholas,Nicolas Guillaume
145,Nicholas,Nic Jansma
146,Nicholas,nolash
147,Nicholas,Nick Kjolsing
148,Nicholas,Nikola
149,Nicholas,Nischal Sharma
150,Nicholas,Nicolas Feignon
151,Nicholas,Nicolas MASSART
152,jack meng,Magicking
153,jack meng,jkcomment
154,jack meng,jacobhackman
155,jack meng,jiang
156,jack meng,calmbeing
157,jack meng,jacksoom
158,Stephen Guo,Stephan Tual
159,Stephen Guo,Steve Gattuso
160,Stephen Guo,Stephen Shelton
161,Stephen Guo,Steven Roose
162,Stephen Guo,Steven Gregg
163,Stephen Guo,Steven Dee
164,Stephen Guo,Stephen Flynn
165,naviechan,David Mechler
166,naviechan,am2rican5
167,henopied,Frenzoid
168,henopied,henridf
169,Christoph Jentzsch,CJentzsch
170,Christoph Jentzsch,Thorsten Hirsch
171,Christoph Jentzsch,Simon Jentzsch
172,Christoph Jentzsch,Christopher Mckay
173,Christoph Jentzsch,Christopher Harrison
174,Aleksey @soar Smyrnov,Alexey Sharov
175,Arvid Hast,David Chase
176,Arvid Hast,David Hwang
177,Arvid Hast,Richard Hart
178,Arvid Hast,Aaron Hnatiw
179,Donn Trenton,Yohann Leon
180,Donn Trenton,Dan Melton
181,Mikhail Mikheev,Mikhail Vazhnov
182,Samuel Marks,Russel Waters
183,Samuel Marks,Paul Harris
184,Samuel Marks,Rafael Matias
185,Samuel Marks,Rachel Franks
186,Sam Boyer,Gautam Botrel
187,Sam Boyer,Tim Myers
188,Sam Boyer,Paul Berg
189,Xas,lash
190,Xas,mars
191,Slava Karpenko,Sylvain Laurent
192,Slava Karpenko,Shintaro Kaneko
193,dylanhuang,yihuang
194,meows,meehow
195,meows,meowsbits
196,marcindsobczak,martin becze
197,Kian,JKinc
198,Kian,Kevin
199,Kian,jiang
200,Kian,Kwuaint
201,Kian,xiyang
202,Kian,yihuang
203,Kian,Wuxiang
204,Kian,jin
205,Vlad Bokov,Vlad
206,Vlad Bokov,Vitaly Bogdanov
207,hwanjo,shana
208,hwanjo,shawn
209,hwanjo,Mohanson
210,Dmitry Shulyak,Dmitry Savelev
211,Dmitry Shulyak,Dmitriy Fishman
212,Dmitry Shulyak,Dmitry Savonin
213,Dmitry Shulyak,Victor Shyba
214,Dmitry Shulyak,Dmitry Zenovich
215,maszrum,terasum
216,maszrum,mars
217,Stephan Tual,Stephen Shelton
218,Stephan Tual,Ethan Buchman
219,Stephan Tual,Stéphane Loeuillet
220,Stephan Tual,Stefan Pingel
221,Stephan Tual,Satpal
222,Stephan Tual,Shane Bammel
223,Stephan Tual,Stephen Flynn
224,Stephan Tual,Stevan Lohja
225,Kristof Gazso,Kristofer Peterson
226,Kristof Gazso,Attila Gazso
227,Kristof Gazso,Christopher Harrison
228,Kristof Gazso,Krzysztof Chowanski
229,Ross,Rob
230,Guilherme Salgado,Guillaume Ballet
231,Guilherme Salgado,Ricardo Guilherme Schmidt
232,Guilherme Salgado,Javier Sagredo
233,Josh Richardson,John Chase
234,Josh Richardson,Rich?rd
235,Hao Duan,Harry Dutton
236,Hao Duan,Rob Dawson
237,Federico Gimenez,Pedro Gomes
238,Eugene Valeyev,Eugene Lepeico
239,Eugene Valeyev,Eugene
240,Marcin Sobczak,Marian Oancea
241,Marcin Sobczak,martin becze
242,Emin Mahrt,Liang Ma
243,S. Matthew English,Matthew Halpern
244,Evgeny Danienko,Ivan Daniluk
245,Evgeny Danienko,Evgeny
246,Evgeny Danienko,Evgeny Kolyakov
247,??,????
248,??,Lio??
249,Hyung-Kyu Hqueue Choi,Sanghee Choi
250,Frank Szendzielarz,Brian Schroeder
251,Jonas,Jens W
252,Jonas,John Chase
253,Jonas,lonika
254,Jonas,nolash
255,Jonas,omahs
256,Jonas,Binacs
257,Jonas,Ry Jones
258,Alex Willmer,Alex Wu
259,Alex Willmer,Alex Prut
260,Alex Willmer,glethuillier
261,Alex Willmer,Alex Sharp
262,Michael Montour,Michael Forney
263,Michael Montour,Michael de Hoog
264,Michael Montour,Michael Ruminer
265,Michael Montour,Miguel Mota
266,Sylvain Laurent,Benjamin Brent
267,Armin,Atkins
268,Armin,Armin Braun
269,Armin,Martin
270,Armin,Brion
271,Armin,Aron
272,root,Jorropo
273,root,Groute
274,root,croath
275,Giovanni HoSang,DongXi Huang
276,Giovanni HoSang,Gari Singh
277,Fabian Vogelsteller,Fabian Raetz
278,sanskarkhare,arkpar
279,James Prestwich,Jeff Prestes
280,Alexey Akhunov,Alex Wu
281,Alexey Akhunov,Alex Sharov
282,Alexey Akhunov,Alexey Sharp
283,Alexey Akhunov,Alexey Sharov
284,tmohay,Trent Mohay
285,Yihau Chen,"Li, Cheng"
286,Yihau Chen,Yohann Leon
287,Yihau Chen,Jia Chenhui
288,Yihau Chen,Miya Chen
289,Yihau Chen,Jordan Cohen
290,Yihau Chen,Alan Chen
291,Fuyang Deng,rangzen
292,Grant Noble,Anatole
293,Grant Noble,anthonybuckle
294,Bo,Bo Ye
295,Bo,Brion
296,kayla-henrie,lhendre
297,Boqin Qin(? ??),Ziyuan Zhong(???)
298,Boqin Qin(? ??),Boqin Qin
299,Taeik Lim,Daniel DeLima
300,Taeik Lim,Frank Li
301,Hsien-Tang Kao,Liang Ma
302,pinges,jiang
303,pinges,piersy
304,Mason Fischer,sonicWhale
305,Mason Fischer,Martin Michlmayr
306,Mason Fischer,Jason Frame
307,Mason Fischer,Jason Carver
308,cong,zaccoding
309,cong,cooganb
310,cong,yong
311,cong,changhong
312,cong,zcheng9
313,swaraj18,sarah
314,norwnd,unknown
315,Payne,andrew
316,Payne,banteg
317,Payne,emhane
318,sveneh,rene
319,sveneh,silence
320,Taylor Gerring,Danno Ferrin
321,Taylor Gerring,Tyler Ferrara
322,Alexandre Van de Sande,Alexander Sadovskyi
323,Alexandre Van de Sande,Alexander van der Meij
324,Sean,Dexaran
325,Sean,e-danko
326,Sean,Dean
327,Sean,Sam
328,Sean,emhane
329,Javier Peletier,Kristofer Peterson
330,Javier Peletier,Pierre Neter
331,Javier Peletier,Jiri Peinlich
332,Javier Peletier,Javier Sagredo
333,Jorge,Joel Burget
334,Jorge,Jorge Mederos
335,Jorge,Jordan Krage
336,Ernesto del Toro,Preston Van Loon
337,Zou Guangxian,Roy Langa
338,Zou Guangxian,wangxiang
339,Max Revitt,Mark Vujevits
340,Guillaume Ballet,Nicolas Guillaume
341,Guillaume Ballet,Guillaume Lethuillier
342,Guillaume Ballet,Guillaume NICOLAS
343,Guillaume Ballet,villanuevawill
344,Philippe Schommers,Philip Schlump
345,Lucas Saldanha,Lucas Cullen
346,Lucas Saldanha,Lucas Hendren
347,Fabio Barone,Fabio Di Fabio
348,Fabio Barone,aaron
349,Fabio Barone,Fabio Berger
350,Fabio Barone,Fabian Raetz
351,Anatole,Amin Talebi
352,Anatole,noel
353,Anatole,Antoine Toulme
354,Anatole,Yole
355,Anatole,nala
356,Destiner,ethers
357,Destiner,Devon Bear
358,Destiner,jwasinger
359,Destiner,Justin
360,Destiner,Denver
361,Destiner,SebastianDremo
362,JKinc,Kevin
363,JKinc,Justin
364,JKinc,Binacs
365,Pete,ethers
366,Pete,Peter Lai
367,Anton Evangelatov,Antoine Rondelet
368,Anton Evangelatov,Anton Nashatyrev
369,Anton Evangelatov,Anton Markelov
370,Ramesh Nair,Elias Naur
371,Ramesh Nair,alex.sharov
372,Dexaran,aron
373,Dexaran,Dean
374,Dexaran,Maran
375,Miguel Angel Rojo,George Angel
376,Miguel Angel Rojo,Michelangelo Riccobene
377,Miguel Angel Rojo,Miguel Mota
378,Miguel Angel Rojo,Miguel Tenorio
379,Andrey Petrov,Andre Patta
380,Andrey Petrov,Addy Yeow
381,Andrey Petrov,Andrei Maiboroda
382,Andrey Petrov,Alex Nebotov
383,Andrey Petrov,Andrea Franz
384,zsfelfoldi,Zsolt Felfoldi
385,aperseghin,Derek Chiang
386,Nikifor Seryakov,Nikita Mescheryakov
387,Nikifor Seryakov,Nikita Kryuchkov
388,Temirlan,mempirate
389,Temirlan,milesvant
390,Temirlan,detailyang
391,Temirlan,emhane
392,lightclient@protonmail.com,lightclient
393,steve greensill,Steven Dee
394,Alexander Yastrebov,Alexander Sadovskyi
395,Alexander Yastrebov,Alexandr Borodulin
396,Alexander Yastrebov,Alex Nebotov
397,Alexander Yastrebov,Alexander van der Meij
398,Felipe Faraggi,Felipe Strozberg
399,cpusoft,cgst
400,Pierre R,Pierre Neter
401,Pierre R,Pierre Grimaud
402,Marin Ivanov,Andrei Ivasko
403,Marin Ivanov,Mikhail Vazhnov
404,Marin Ivanov,Maran
405,Marin Ivanov,Martin
406,Marin Ivanov,Marian Oancea
407,ahamlat,nala
408,Christian,Charing
409,Christian,Chris Chinchilla
410,Christian,Christian Muehlhaeuser
411,Christian,Chris Mckay
412,Christian,Chris Pacia
413,Christian,CarstenNZ
414,Christian,Chi Kei Chan
415,Christian,Christopher Harrison
416,Christian,Chris Ziogas
417,Christian,Christian Felde
418,Shude Li,Shuai Qi
419,sonicWhale,Aron Fischer
420,Bryan Stitt,Bogdan Stirbat
421,Bryan Stitt,Adrian Sutton
422,Chen Quan,Chen Houwu
423,Chen Quan,Ethan Buchman
424,Chen Quan,baizhenxuan
425,Chen Quan,Chi Kei Chan
426,JoranHonig,Jordan Krage
427,JoranHonig,Mohanson
428,JoranHonig,Jordan Cohen
429,Mio,MrChico
430,qd-ethan,detailyang
431,qd-ethan,emhane
432,Dave Appleton,Dan Melton
433,Dave Appleton,Dave Conroy
434,Erichin,Kris Shinn
435,Erichin,br0tchain
436,Jeff Prestes,Jeff Rossiter
437,ycyraum,terasum
438,chenyufeng,Zhenyang Shi
439,chenyufeng,shiqinfeng1
440,chenyufeng,chenglin
441,chenyufeng,zcheng9
442,Juan Cruz,Julian Y
443,Juan Cruz,Jason Carver
444,David Huie,David Cai
445,David Huie,David Murdoch
446,David Huie,Davide Savazzi
447,David Huie,David Mechler
448,David Huie,Dave
449,David Huie,David Chase
450,David Huie,David Hwang
451,David Huie,David Dzhalaev
452,Victor Farazdagi,Victor Baranov
453,Victor Farazdagi,Victor Deleau
454,Victor Farazdagi,Victor Shyba
455,Victor Farazdagi,Victor Naumik
456,chabashilah,chaals
457,chabashilah,Kawashima
458,damian-orzechowski,Mariano Cortesi
459,Andy,Aditya
460,MrChico,Miro
461,Tomasz K. Stanczak,tkstanczak
462,xD AKA Rapper King Of cn background diablo & revelations,"XuDon9 Liu AKA Rapper Of CN background diablo & revelations, a man optimistic, negative, silent, active, Taoism"
463,Martin Klepsch,Martin Michlmayr
464,Martin Klepsch,Martin Holst Swende
465,Martin Klepsch,Martin Redmond
466,Martin Klepsch,Martin
467,Martin Klepsch,martin becze
468,Martin Klepsch,Martin Alex Philip Dawson
469,kilic,awskii
470,kilic,kimmylin
471,kilic,mulili
472,Nicholas Johnson,Nicolas Gotchac
473,Nicholas Johnson,Nicola Cocchiaro
474,Nicholas Johnson,Nicolas Feignon
475,shana,chaals
476,shana,Anusha
477,shana,emhane
478,shana,Nishant Das
479,Tuimf,Guifel
480,EXEC,Eval EXEC
481,Egor Egorov,Egon Elbre
482,Charing,aron
483,Charing,Chase Wright
484,Charing,Martin
485,Charing,Gari Singh
486,Charing,yihuang
487,Charing,Shiming
488,natdurlik,raulk
489,Michael Connor,Mikhail Vazhnov
490,Michael Connor,Michael Forney
491,Michael Connor,Michael de Hoog
492,Michael Connor,Michael Ruminer
493,Michael Connor,Miguel Tenorio
494,Michael Connor,Dave Conroy
495,zaccoding,Magicking
496,zaccoding,zhaochonghe
497,Nick Savers,Nikhil Suri
498,Nick Savers,Nick Ward
499,Nick Savers,Nick Dodson
500,Nick Savers,Nickolay Savchenko
501,Nick Savers,Nic Jansma
502,Nick Savers,Nischal Sharma
503,Alex Stokes,Alex Wu
504,Alex Stokes,Alex Prut
505,Alex Stokes,Alex Mylonas
506,Alex Stokes,Alex Sharov
507,Alex Stokes,Alexey Sharov
508,Alex Stokes,Ales Katona
509,Alex Stokes,Alex Sharp
510,Alex Stokes,Alex Nebotov
511,Liang Ma,Roy Langa
512,Liang Ma,jiang
513,Liang Ma,Liang ZOU
514,Liang Ma,xiyang
515,Liang Ma,Yang Hau
516,komika,kikilass
517,komika,kkokosa
518,komika,lonika
519,komika,Noman
520,komika,omahs
521,komika,akiva
522,"Li, Cheng",Jia Chenhui
523,"Li, Cheng",Di Peng
524,"Li, Cheng",Miya Chen
525,"Li, Cheng",Wenbiao Zheng
526,"Li, Cheng",Alan Chen
527,mr_franklin,Franklin
528,mr_franklin,mark.lin
529,mr_franklin,zyfrank
530,mr_franklin,manlio
531,Leon,Lee Hyeon
532,Leon,LeoLiao
533,Marius van der Wijden,Bas van Kervel
534,Marius van der Wijden,Roderik van der Veer
535,Marius van der Wijden,Alexander van der Meij
536,Antoine Rondelet,Antoine Toulme
537,Antoine Rondelet,Antony Denyer
538,CJentzsch,Simon Jentzsch
539,Johns Beharry,John Chase
540,Johns Beharry,Jason Carver
541,Johns Beharry,Devon Bear
542,Johns Beharry,John Adler
543,pinkiebell,xinbenlv
544,Alex Wu,Alex Prut
545,Alex Wu,Alex Sharov
546,Alex Wu,Alex Sharp
547,Zoe Nolan,Rob Mulholand
548,Zoe Nolan,Noman
549,Luca Zeug,Lucas Cullen
550,Luca Zeug,Lucas Hendren
551,Martin Michlmayr,Martin
552,Martin Michlmayr,David Mechler
553,Martin Michlmayr,Marian Oancea
554,ledgerwatch,@edgararout
555,Alexander Sadovskyi,Alex Sharov
556,Alexander Sadovskyi,Alexandr Borodulin
557,Alexander Sadovskyi,Alexey Sharov
558,Alexander Sadovskyi,Alexander van der Meij
559,Giulio Rebuffo,Giulio M
560,George Angel,George Hotz
561,George Angel,George Carder
562,George Angel,George Ornbo
563,Deepak Sharma,Kushagra Sharma
564,Deepak Sharma,Alexey Sharp
565,Deepak Sharma,Nischal Sharma
566,Deepak Sharma,Diep Pham
567,Deepak Sharma,Derek Chiang
568,Ceelog,zelig
569,Vlad,Elad_
570,Vlad,gladcow
571,Vlad,Elad
572,Vlad,ValValu
573,Kitten King,Kenso Trabing
574,Kitten King,Uttam Singh
575,Kitten King,Ben Kirwin
576,Kitten King,Stefan Pingel
577,awskii,akiva
578,Valentin Wüstholz,Valentin Trinqué
579,ForLina,LeoLiao
580,ForLina,Corey Lin
581,vim88,int88
582,Armin Braun,reinerRubin
583,Armin Braun,Benjamin Brent
584,Armin Braun,Adrian Sutton
585,Armin Braun,Amin Talebi
586,Armin Braun,Armani Ferrante
587,Armin Braun,Adrian Sabau
588,Anton Nashatyrev,Antony Denyer
589,Anton Nashatyrev,Anton Markelov
590,Andre Patta,Andrei Ivasko
591,Andre Patta,Andrew Chiw
592,Andre Patta,Andrei Maiboroda
593,Andre Patta,Ales Katona
594,Andre Patta,Andrea Franz
595,reinerRubin,Peter Robinson
596,Roy Langa,Ruohui Wang
597,Roy Langa,Corey Lin
598,Dragan Milic,Dan Melton
599,Dragan Milic,Dan Cline
600,Joel Burget,Jake Haugen
601,Joel Burget,Joe Netti
602,Andrei Ivasko,Andrei Maiboroda
603,Andrei Ivasko,Andrea Franz
604,J1ang,jiang
605,J1ang,ag
606,J1ang,banteg
607,J1ang,xiyang
608,Aron Fischer,Afr Schoe
609,Aron Fischer,Agustin Armellini Fischer
610,Frenzoid,Ferenc Szabo
611,Osoro Bironga,Or Rikon
612,Osoro Bironga,gary rong
613,Osoro Bironga,storyicon
614,Guifel,Yurie
615,Magicking,Nick Kjolsing
616,Mariano Cortesi,Marian OANC?A
617,Mariano Cortesi,Marian Oancea
618,Derek Gottfrid,Pierre Grimaud
619,Nikhil Suri,Nischal Sharma
620,Koichi Shiraishi,Yoichi Hirai
621,Mats Julian Olsen,Julian Y
622,Mats Julian Olsen,Martin Holst Swende
623,Mats Julian Olsen,Lucas Cullen
624,Yohann Leon,Yohann LEON
625,Yohann Leon,Dan Melton
626,Yohann Leon,Jonathan Le Brun
627,Yohann Leon,Mohanson
628,Bruno ?kvorc,Arun kumar
629,Nikita Kozhemyakin,Nikita Mescheryakov
630,Gregory Markou,Gregory Popovitch
631,Gregory Markou,Greg Myers
632,kikilass,Nikola
633,Daniel Sloof,Daniel DeLima
634,Daniel Sloof,Daniel Celeda
635,Daniel Sloof,Daniel Katzan
636,Daniel Sloof,Dan Melton
637,Daniel Sloof,Daniel Choi
638,Daniel Sloof,Dan Kelly
639,Daniel Sloof,Daniel Perez
640,Joshua Colvin,Greg Colvin
641,Joshua Colvin,Joseph Cook
642,Joshua Colvin,Joshua Fernandes
643,Joshua Colvin,Dan Cline
644,Joshua Colvin,Jordan Cohen
645,Nalin Bhardwaj,Nischal Sharma
646,Shihao Xia,Shintaro Kaneko
647,Shihao Xia,Shuai Qi
648,Osuke,sudeep
649,Tim Mustafin,Nimrod Gutman
650,Tim Mustafin,mustafauzunn
651,Tim Mustafin,Tim Myers
652,Tim Mustafin,Justin
653,Alex Prut,Alex Sharov
654,Alex Prut,Alexey Sharp
655,Alex Prut,Alexey Sharov
656,Alex Prut,Alex Sharp
657,Alex Prut,Alex Nebotov
658,dragonvslinux,Franklin
659,Franklin,mark.lin
660,Franklin,Freeman Jiang
661,Franklin,manlio
662,Franklin,Frank Li
663,Franklin,Dan Cline
664,Franklin,FrankWang
665,Kristofer Peterson,Christopher Harrison
666,henridf,lhendre
667,Russel Waters,Water
668,romanman,Freeman Jiang
669,romanman,usmananwar
670,romanman,Noman
671,romanman,FrankWang
672,romanman,foxreymann
673,Julian Koh,Jordan Cohen
674,Smilenator,milesvant
675,Smilenator,LieutenantRoger
676,Smilenator,bailantaotao
677,Smilenator,SilentCicero
678,Roberto Saltini,Roberto Bayardo
679,Roberto Saltini,Robert Zaremba
680,Roberto Saltini,Robert Edström
681,Timo Tijhof,mohoff
682,Timo Tijhof,Ti Zhou
683,gurrpi,Yurie
684,Edward Evans,Eduard S
685,Edward Evans,Edward Mack
686,Edward Evans,Edward
687,Edward Evans,Mark Evenson
688,Nick Ward,Nick Dodson
689,Eli,ligi
690,Eli,Emil
691,Eli,Elad
692,Enrique Fynn,Enrique Ortiz
693,chaals,catcs
694,Willian Mitsuda,William Morriss
695,Willian Mitsuda,Maximilian Meister
696,Mike Burr,Drake Burroughs
697,Mike Burr,Mike Neuder
698,Harry Dutton,Adrian Sutton
699,Harry Dutton,gary rong
700,Harry Dutton,Harry Kalodner
701,Harry Dutton,HarryWu
702,Harry Dutton,Gary Rong
703,Dmitry Savelev,Dmitriy Fishman
704,Dmitry Savelev,Dmitry Savonin
705,Dmitry Savelev,Dmitrij Koniajev
706,Dmitry Savelev,Dmitry Zenovich
707,Kevin,kevin.xu
708,Davor Kapsa,David Chase
709,Aditya Arora,Aditya
710,Aditya Arora,Aditya Kode
711,Roberto Bayardo,Robert Zaremba
712,Roberto Bayardo,Robert Edström
713,Pedro Gomes,Pedro Novais
714,Pedro Gomes,Pedro Pombeiro
715,Rohit Gupta,Ruohui Wang
716,Rohit Gupta,Mudit Gupta
717,Rohit Gupta,Kobi Gurkan
718,Daniel DeLima,Daniel Celeda
719,Daniel DeLima,Daniel Katzan
720,Daniel DeLima,Daniel Choi
721,Daniel DeLima,Daniel A. Nagy
722,Daniel DeLima,Daniel Fernandes
723,Daniel DeLima,Daniel Lehrner
724,Daniel DeLima,Daniel Perez
725,hrthaowang,fenghaojiang
726,Steve Gattuso,Steven Roose
727,Steve Gattuso,Steven E. Harris
728,Steve Gattuso,Steven Gregg
729,Steve Gattuso,Steve Ruckdashel
730,Steve Gattuso,Steve Mieskoski
731,Stephen Shelton,Stéphane Loeuillet
732,Stephen Shelton,Dan Melton
733,Stephen Shelton,Steven Dee
734,Stephen Shelton,Steven Schroeder
735,Stephen Shelton,Stephen Flynn
736,Kenso Trabing,stormpang
737,Thibauld Favre,Yehia Tarek
738,Nick Dodson,Nick Kjolsing
739,slumber1122,sjlee1125
740,Hao Bryan Cheng,Miya Chen
741,Hao Bryan Cheng,Jordan Cohen
742,Hao Bryan Cheng,Alan Chen
743,Vinod Damle,Victor Deleau
744,Vinod Damle,Amin Talebi
745,Vinod Damle,David Dzhalaev
746,Connor Stein,Corey Lin
747,xincaosu,6xiaowu9
748,xincaosu,Binacs
749,Erez Wanderman,Steve Waldman
750,Erez Wanderman,Brett Henderson
751,Erez Wanderman,sandakersmann
752,Vitaly V,Vitaly Bogdanov
753,Anusha,Arash
754,Anusha,Anshul Yadav
755,Anusha,shawn
756,Anusha,AusIV
757,Julian Y,Justin
758,Zak Cole,Mark Holt
759,Zak Cole,Dan Cline
760,Michael Forney,Michael de Hoog
761,Michael Forney,Michael Ruminer
762,Michael Forney,Michelangelo Riccobene
763,Michael Forney,Rachel Franks
764,Marius Kjærstad,Marius
765,ploui,lonika
766,Jorge Mederos,Brett Henderson
767,Jorge Mederos,George Carder
768,Jorge Mederos,George Ornbo
769,Jorge Mederos,Greg Myers
770,Jorge Mederos,Jorge Arce-Garro
771,John Chase,Jason Frame
772,John Chase,Joe Clapis
773,John Chase,Jason Carver
774,John Chase,Jordan Krage
775,John Chase,David Chase
776,John Chase,Tosh Camille
777,John Chase,John Adler
778,John Chase,Roman Vaseev
779,John Chase,John C. Vernaleo
780,John Chase,Jordan Cohen
781,Justin Florentine,Justin Traglia
782,Justin Florentine,Justin Clark-Casey
783,Paulo L F Casaretto,Paul Lange
784,Chris Chinchilla,Chris Mckay
785,Chris Chinchilla,Chris Pacia
786,Chris Chinchilla,Chris Ziogas
787,Jonathan Gimeno,Jonathan Otto
788,Jonathan Gimeno,Ethan Heilman
789,Jonathan Gimeno,Jonathan Verhees
790,Jonathan Gimeno,Kyuntae Ethan Kim
791,Jonathan Gimeno,Jonathan Le Brun
792,Jonathan Gimeno,Jonathan Brown
793,Peter Simard,Pierre Grimaud
794,Peter Simard,Peter Broadhurst
795,Peter Simard,Peter Lai
796,Peter Simard,Peter Pratscher
797,Yier,Vie
798,Yier,piersy
799,Yier,Yurie
800,glethuillier,cui fliter
801,glethuillier,ethers
802,glethuillier,Guillaume Lethuillier
803,Alex Mylonas,Alex Mazalov
804,Alex Mylonas,Ales Katona
805,Alex Mylonas,Alex Sharp
806,Zhenyang Shi,Zhang Zhuo
807,Zhenyang Shi,Zhengyan Gao
808,Zhenyang Shi,Zhenguo Niu
809,Justin Traglia,Amin Talebi
810,Justin Traglia,Justin Clark-Casey
811,Justin Traglia,Justin
812,Ward Bradt,Richard Hart
813,Swarnim Pratap Singh,Gari Singh
814,vbuterin,strykerin
815,vbuterin,Justin
816,Daniel Celeda,Daniel Katzan
817,Daniel Celeda,David Cai
818,Daniel Celeda,Daniel Choi
819,Daniel Celeda,Daniel A. Nagy
820,Daniel Celeda,Daniel Fernandes
821,Daniel Celeda,Dan Cline
822,Daniel Celeda,Daniel Lehrner
823,Daniel Celeda,Dan Kelly
824,Daniel Celeda,Daniel Perez
825,Adrià Cidre,Aditya Kode
826,Rich?rd,Richard Patel
827,Rich?rd,Rick
828,Rich?rd,Richard Hart
829,Daniel Katzan,Dan Melton
830,Daniel Katzan,Daniel Choi
831,Daniel Katzan,Daniel A. Nagy
832,Daniel Katzan,Daniel Fernandes
833,Daniel Katzan,Daniel Lehrner
834,Daniel Katzan,Daniel Perez
835,Jonathan Otto,Jonathan Verhees
836,Jonathan Otto,Jonathan Le Brun
837,Jonathan Otto,Jonathan Brown
838,Cory,Corey Lin
839,Danno Ferrin,Armani Ferrante
840,Danno Ferrin,Daniel Fernandes
841,Danno Ferrin,Dan Cline
842,Danno Ferrin,Dan Laine
843,Mark Holt,Martin Holst Swende
844,Mark Holt,Markus Keil
845,Mark Holt,Mark Evenson
846,Mark Holt,Mark
847,Mark Holt,Micah Zoltu
848,Mark Holt,Marek Kotewicz
849,Mark Holt,Mark Shields
850,Mark Holt,Mark Vujevits
851,Ricardo Silva,Richard Patel
852,Ricardo Silva,Richard Littauer
853,Ricardo Silva,Gustavo Silva
854,Ricardo Silva,Richard Schumann
855,Ricardo Silva,Richard Hart
856,Ricardo Silva,Ricardo Domingos
857,Saman H. Pasha,Cayman Nava
858,Paul Litvak,Paul Harris
859,Paul Litvak,Paul Lange
860,Philip Schlump,Philip Fan
861,Maksim,jacksoom
862,Maksim,Markus Keil
863,Maksim,Mihai
864,Maksim,Mark
865,Maksim,akiva
866,catcs,caktux
867,catcs,croath
868,catcs,Binacs
869,Robert Zaremba,Robert Edström
870,Jason Frame,Jason Yellick
871,Jason Frame,Jason Carver
872,Jason Frame,Jordan Krage
873,Ruohui Wang,yihuang
874,Ruohui Wang,Wuxiang
875,Gustav Simonsson,Gustavo Silva
876,Martin Holst Swende,Martin Redmond
877,a,ag
878,Pierre Neter,Pierre Grimaud
879,Pierre Neter,Mike Neuder
880,Sachin Kumar Singh,Manoj Kumar
881,Sachin Kumar Singh,Uttam Singh
882,Sachin Kumar Singh,Zachinquarantine
883,Sachin Kumar Singh,Gari Singh
884,Sachin Kumar Singh,Shiming
885,Paul Harris,Paul Lange
886,Paul Harris,Paul Berg
887,matkt,Matt K
888,matkt,caktux
889,matkt,matilote
890,e-danko,Dean
891,David Cai,David Murdoch
892,David Cai,Davide Savazzi
893,David Cai,Defido Coin
894,David Cai,David Mechler
895,David Cai,Daniel Choi
896,David Cai,Dan Cline
897,David Cai,Dan Laine
898,David Cai,David Hwang
899,David Cai,David Dzhalaev
900,zelig,ligi
901,Nikola Madjarevic,Nebojsa Urosevic
902,Park Changwan,Mark Tyneway
903,Park Changwan,Derek Chiang
904,mark.lin,manlio
905,mark.lin,Martin
906,Thomas Bocek,Thomas Taylor
907,Jolly Zhao,Jonny Rhea
908,Jolly Zhao,Joey Zhou
909,Jolly Zhao,Zhou Zhiyao
910,Corey Farwell,Corey Lin
911,michael1011,michaelscheung
912,Yusup,Justus
913,Yusup,sudeep
914,Jarrad Hope,Jorropo
915,needkane,Jesse Tane
916,needkane,emhane
917,evgk,Reg
918,Benoit Verkindt,Ben Kirwin
919,Firescar96,Fire Man
920,Shintaro Kaneko,Shinto C V
921,Roman Mazalov,Roman Koblov
922,Roman Mazalov,Ian Macalinao
923,Roman Mazalov,Alex Mazalov
924,Roman Mazalov,Anton Markelov
925,Roman Mazalov,Roman Vaseev
926,?ukasz Kurowski,?ukasz Zimnoch
927,Ethan Buchman,Ethan Heilman
928,Ethan Buchman,Jonathan Le Brun
929,Ethan Buchman,Ayman Bouchareb
930,Ethan Buchman,Richard Schumann
931,a-sklyarov,makcandrov
932,a-sklyarov,alex.sharov
933,Pedro Novais,Peter Lai
934,Pedro Novais,Pedro Pombeiro
935,Peter (bitfly),Peter Lai
936,Peter (bitfly),Péter Szilágyi
937,Peter (bitfly),Peter Robinson
938,Or Neeman,Freeman Jiang
939,Or Neeman,Noman
940,Or Neeman,Omar Ceja
941,aron,Sarlor
942,aron,Maran
943,aron,gary rong
944,aron,Martin
945,aron,Brion
946,aron,Aron
947,aron,Gary Rong
948,Jason Yellick,Jason Carver
949,Jason Yellick,Dan Kelly
950,Steven Roose,Steven E. Harris
951,Steven Roose,Steven Gregg
952,Steven Roose,terrencecooke
953,Steven Roose,Steven Dee
954,Steven Roose,Steve Ruckdashel
955,Steven Roose,Steve Mieskoski
956,Steven Roose,Steven Schroeder
957,Steven Roose,Stevan Lohja
958,Brent,rene
959,Brent,Brion
960,Sebastian Stammler,Sebastian Bathke
961,Sebastian Stammler,Sebastian Supreme
962,Sebastian Stammler,SebastianDremo
963,Nicolas Gotchac,Nicolas Guillaume
964,Nicolas Gotchac,Nickolay Savchenko
965,Nicolas Gotchac,Nicola Cocchiaro
966,Nicolas Gotchac,Nicolas Feignon
967,Ratan (Rai) Sur,Nathan (Blaise) Bruer
968,Zhang Zhuo,Zhengyan Gao
969,Zhang Zhuo,Sanghee Choi
970,Zhang Zhuo,changhong
971,Zhang Zhuo,Yang Hau
972,Zhang Zhuo,Ziyuan Zhong
973,Zhang Zhuo,Zhenguo Niu
974,Zhang Zhuo,Zhou Zhiyao
975,Alex Sharov,Iskander (Alex) Sharipov
976,Alex Sharov,Alex Mazalov
977,Alex Sharov,Ales Katona
978,Alex Sharov,Alex Nebotov
979,Alex Sharov,alex.sharov
980,Michael de Hoog,Michael Ruminer
981,Michael de Hoog,Miguel Tenorio
982,Michael de Hoog,michaelscheung
983,Dmitriy Fishman,Dmitry Savonin
984,Dmitriy Fishman,Dmitrij Koniajev
985,Dmitriy Fishman,dmitriyselivanov
986,Dmitriy Fishman,Dmitry Zenovich
987,rene,xternet
988,rene,openex
989,rene,rangzen
990,rene,silence
991,rene,emhane
992,rene,Eugene
993,rene,Denver
994,Dean,Delweng
995,Dean,Di Peng
996,Dean,emhane
997,Dean,Denver
998,Ethan Heilman,ferhat elmas
999,Christian Muehlhaeuser,Christian Felde
1000,Pierre Grimaud,Alireza Arjmand
1001,Nicolas Guillaume,Nicola Cocchiaro
1002,Nicolas Guillaume,Nicolas Feignon
1003,Nicolas Guillaume,Lucas Cullen
1004,Michael Ruminer,MadelineMurray
1005,Michael Ruminer,Michelangelo Riccobene
1006,Michael Ruminer,MichaelRiabzev-StarkWare
1007,Michael Ruminer,michaelscheung
1008,Aditya,Aditya Kode
1009,Aditya,Ahmad Bitar
1010,Oleg Kovalov,Alex Mazalov
1011,David Murdoch,David Mechler
1012,David Murdoch,David Chase
1013,David Murdoch,alon muroch
1014,jiang,ag
1015,jiang,xiekeyang
1016,jiang,banteg
1017,jiang,fenghaojiang
1018,jiang,wangxiang
1019,jiang,Hanjiang Yu
1020,jiang,Liang ZOU
1021,jiang,xiyang
1022,jiang,jwasinger
1023,jiang,yihuang
1024,jiang,Wuxiang
1025,jiang,jin
1026,Sebastian Bathke,Sebastian Supreme
1027,Sebastian Bathke,SebastianDremo
1028,Sarlor,aaron
1029,Sarlor,Falco
1030,baizhenxuan,yihuang
1031,Kushagra Sharma,Nischal Sharma
1032,rekyyang,detailyang
1033,rekyyang,xiekeyang
1034,rekyyang,xiyang
1035,rekyyang,FrankWang
1036,rekyyang,foxreymann
1037,rekyyang,Derek Chiang
1038,John Difool,Joseph Cook
1039,John Difool,John Adler
1040,Eduard S,Edward Mack
1041,Eduard S,Edward
1042,Victor Baranov,Victor Deleau
1043,Victor Baranov,Viktor Trón
1044,Victor Baranov,Victor Shyba
1045,Victor Baranov,Timur Badretdinov
1046,Victor Baranov,Vitaly Bogdanov
1047,Victor Baranov,Victor Naumik
1048,Mathijs de Bruin,Jonathan Le Brun
1049,detailyang,lailiuyuan
1050,detailyang,fenghaojiang
1051,detailyang,xiyang
1052,aaron,Maran
1053,aaron,gary rong
1054,aaron,Martin
1055,aaron,Brion
1056,aaron,aaronbuchwald
1057,aaron,Aron
1058,aaron,Gary Rong
1059,Andrew Chiw,andrew
1060,Andrew Chiw,Daniel Choi
1061,Andrew Chiw,Andrew Ashikhmin
1062,shiqinfeng1,zhiqiangxu
1063,shiqinfeng1,Shiming
1064,Joe Clapis,Janos Guljas
1065,Talha Cross,alex.sharov
1066,Roman Koblov,Roman Krasiuk
1067,Roman Koblov,Roman Vaseev
1068,Vie,Tien
1069,arkpar,Maran
1070,arkpar,tsarpaul
1071,arkpar,farwayer
1072,arkpar,Mark
1073,arkpar,sarah
1074,arkpar,akiva
1075,Jaynti Kanani,Natsu Kagami
1076,ayeowch,Zach
1077,ayeowch,racytech
1078,CJ Hare,Jake Haugen
1079,Alexandr Borodulin,Alexander van der Meij
1080,Nimrod Gutman,Noman
1081,Nimrod Gutman,Richard Schumann
1082,Abel Nieto,Alex Nebotov
1083,Nickolay Savchenko,Nicola Cocchiaro
1084,Nickolay Savchenko,Nicolas Feignon
1085,Peter Broadhurst,Peter Lai
1086,Peter Broadhurst,Peter Pratscher
1087,Jia Chenhui,Miya Chen
1088,Jia Chenhui,Jordan Cohen
1089,Jia Chenhui,Alan Chen
1090,Edward Mack,Edward
1091,C. Brown,Brion
1092,C. Brown,Jonathan Brown
1093,C. Brown,Cody Born
1094,Manoj Kumar,Matt Kula
1095,Manoj Kumar,Arun kumar
1096,Manoj Kumar,Manav Darji
1097,Manoj Kumar,Manoj Mamidyala
1098,Jason Carver,George Carder
1099,Jason Carver,John Adler
1100,Sally MacFarlane,Ian Macalinao
1101,Henry,piersy
1102,Henry,Evgeny
1103,Henry,Denver
1104,Uttam Singh,Rajdeep Singh
1105,Uttam Singh,Gari Singh
1106,Simon Dudley,Szymon Kulec
1107,Simon Dudley,John Adler
1108,Maran,Marian OANC?A
1109,Maran,Martin
1110,Maran,am2rican5
1111,Maran,Marius
1112,Maran,Mark
1113,Maran,sarah
1114,Maran,Marian Oancea
1115,Sam,SajZ
1116,Nguyen Kien Trung,Nguyen Sy Thanh Son
1117,Davide Savazzi,David Hwang
1118,Felix Lange,Paul Lange
1119,Or Rikon,Brion
1120,Or Rikon,Peter Robinson
1121,Or Rikon,Gary Rong
1122,fynn.z,Fynn
1123,magooster,Water
1124,magooster,mbaxter
1125,magooster,matilote
1126,Crispin Flowerday,Christian Felde
1127,xternet,mbaxter
1128,xternet,therainisme
1129,Jonathan Verhees,Somnath Banerjee
1130,Jonathan Verhees,Jonathan Le Brun
1131,Jonathan Verhees,Jonathan Brown
1132,Bo Ye,Roc Yu
1133,Giulio M,Giulio rebuffo
1134,Giulio M,julio4
1135,Husam Ibrahim,sarah
1136,Matt K,Matt Gucci
1137,Matt K,Matt Nelson
1138,Martin Redmond,Martin
1139,Martin Redmond,Matt Nelson
1140,Adrian Sutton,Adrian Sabau
1141,Kamil Chodo?a,Daniel Choi
1142,Thomas Jay Rush,Thomas Taylor
1143,kumavis,mars
1144,YaoZengzeng,rangzen
1145,fomotrader,farwayer
1146,Rob Dawson,Mohanson
1147,Jussi Virtanen,Jesse Tane
1148,Jussi Virtanen,Guido Vranken
1149,Janos Guljas,nolash
1150,Janos Guljas,Jaanek Oja
1151,Lorenzo Manacorda,Andrei Maiboroda
1152,jacksoom,xwjack
1153,Freeman Jiang,Frank Li
1154,Freeman Jiang,wangxiang
1155,Freeman Jiang,FrankWang
1156,Freeman Jiang,Derek Chiang
1157,Airead,Arash
1158,Airead,Fire Man
1159,Airead,Alireza Arjmand
1160,Christopher Mckay,Chris Pacia
1161,Christopher Mckay,Christopher Harrison
1162,Richard Patel,Richard Littauer
1163,Richard Patel,Richard Schumann
1164,hydai,Mihai
1165,cui fliter,courtier
1166,andrew,lhendre
1167,andrew,wanderer
1168,ethers,ethersphere
1169,ethers,Water
1170,ethers,terasum
1171,ethers,therainisme
1172,Delweng,Di Peng
1173,Ben Kirwin,Geon Kim
1174,Jonny Rhea,Jordan Cohen
1175,Luke Champine,Luke Yeager
1176,George Hotz,George Carder
1177,George Hotz,George Ornbo
1178,courtier,Yurie
1179,courtier,Groute
1180,Miguel Mota,Miguel Tenorio
1181,DongXi Huang,David Hwang
1182,Qian Bin,Dan Cline
1183,Qian Bin,Dan Laine
1184,int88,tintin
1185,Paul-Armand Verhaegen,Armani Ferrante
1186,Rajdeep Singh,Gari Singh
1187,Felix Yan,Fire Man
1188,Wihan de Beer,Jonathan Le Brun
1189,Wihan de Beer,Roderik van der Veer
1190,Wihan de Beer,Shane Bammel
1191,Wihan de Beer,wanderer
1192,williambannas,willian.eth
1193,Justus,Justin
1194,tzapu,tsarpaul
1195,Victor Deleau,Victor Shyba
1196,Victor Deleau,Victor Naumik
1197,Tim Myers,Greg Myers
1198,Tim Myers,Tim Beiko
1199,salanfe,silence
1200,salanfe,Paul Lange
1201,salanfe,nala
1202,Iskander (Alex) Sharipov,Alexey Sharp
1203,Iskander (Alex) Sharipov,Alexey Sharov
1204,Iskander (Alex) Sharipov,Alex Sharp
1205,Stefan Pingel,Dan Cline
1206,Stefan Pingel,Dan Laine
1207,Bakuchi,Zach
1208,Paul,raulk
1209,Paul,Paul Lange
1210,Paul,Paul Berg
1211,Chris Mckay,Chris Pacia
1212,Chris Mckay,Chris Ziogas
1213,Marian OANC?A,Marian Oancea
1214,willian.eth,williamberman
1215,Jeremy McNevin,Jeremy Schlatter
1216,Sasuke1964,Sasha Duke
1217,xiekeyang,Wuxiang
1218,Steve Waldman,Steve Ruckdashel
1219,Defido Coin,Greg Colvin
1220,Defido Coin,Dave Conroy
1221,Defido Coin,Daniel Choi
1222,Amin Talebi,Antoine Toulme
1223,Amin Talebi,Adam Babik
1224,tsarpaul,Satpal
1225,tsarpaul,raulk
1226,tsarpaul,sarah
1227,Gav Wood,Gavin Goodship
1228,gary rong,yong
1229,noel,nolash
1230,Ratan Rai Sur,Nathan (Blaise) Bruer
1231,Sandra Wang,David Hwang
1232,Sandra Wang,FrankWang
1233,Sandra Wang,Andrea Franz
1234,Dan Melton,Daniel Choi
1235,Dan Melton,Matt Nelson
1236,Dan Melton,Dan Kelly
1237,Arash,nolash
1238,Arash,lash
1239,Arash,sarah
1240,Arash,croath
1241,ethersphere,therainisme
1242,uji,jin
1243,nkbai,lonika
1244,yong,xiyang
1245,yong,ucwong
1246,yong,yihuang
1247,yong,Gary Rong
1248,Ian Macalinao,Ivan Aracki
1249,Ian Macalinao,Dan Cline
1250,Ian Macalinao,Dan Laine
1251,Ian Macalinao,Manoj Mamidyala
1252,Afr Schoe,Adam Schmideg
1253,Afr Schoe,Try Space
1254,Afr Schoe,Brian Schroeder
1255,storyicon,strykerin
1256,storyicon,Brion
1257,storyicon,stormpang
1258,storyicon,Corey Lin
1259,zah,Zach
1260,zah,yoza
1261,zah,lash
1262,Tien,silence
1263,Tien,Di Peng
1264,Tien,jin
1265,Matt Kula,Matt Gucci
1266,Matt Kula,Matt Nelson
1267,Matt Kula,Casey Kuhlman
1268,Jeffery Robert Walsh,Jeff Rossiter
1269,Jiri Peinlich,Dmitry Zenovich
1270,rangzen,Yao Zengzeng
1271,Richard Littauer,Reinhard Schu
1272,Richard Littauer,Richard Schumann
1273,Richard Littauer,Richard Hart
1274,Alexey Sharp,Jeremy Schlatter
1275,George Carder,George Ornbo
1276,George Carder,Jorge Arce-Garro
1277,Kris Shinn,Gari Singh
1278,Kris Shinn,Prince Sinha
1279,zhiqiangxu,Shiming
1280,Joseph Goulden,Joseph Cook
1281,Stein Dekker,Antony Denyer
1282,Stein Dekker,Steven Dee
1283,Stein Dekker,Steven Schroeder
1284,banteg,Water
1285,banteg,mbaxter
1286,Markus Keil,Marius
1287,Markus Keil,Marek Kotewicz
1288,Water,mbaxter
1289,Steven E. Harris,Steven Gregg
1290,Steven E. Harris,Steven Schroeder
1291,Chris Pacia,Chris Ziogas
1292,Nic Jansma,Nischal Sharma
1293,Nic Jansma,Nick Johnson
1294,Devon Bear,Denver
1295,Evgeny Danilenko,Ivan Daniluk
1296,Evgeny Danilenko,Evgeny
1297,Evgeny Danilenko,Evgeny Kolyakov
1298,Ikko Ashimine,Andrew Ashikhmin
1299,Ikko Ashimine,Ikko Eltociear Ashimine
1300,fenghaojiang,wangxiang
1301,fenghaojiang,changhong
1302,Jonathan Le Brun,Nathan (Blaise) Bruer
1303,Leonardo Yvens,leonardchinonso
1304,Leonardo Yvens,Leonard Chinonso
1305,mbaxter,mace
1306,mbaxter,mark-terry
1307,mbaxter,mars
1308,lwh,lash
1309,manlio,matilote
1310,manlio,Noman
1311,manlio,Falco
1312,mace,emhane
1313,mace,FaceHo
1314,Jake Haugen,Luke Yeager
1315,Jake Haugen,Javier Sagredo
1316,silence,lhendre
1317,silence,SilentCicero
1318,Nikita Mescheryakov,Nikita Kryuchkov
1319,Frank Li,Dan Laine
1320,Frank Li,FrankWang
1321,Mike Neuder,Luke Yeager
1322,Usman Saleem,Roman Vaseev
1323,Steven Gregg,Steven Dee
1324,Steven Gregg,Dave McGregor
1325,Steven Gregg,Steven Schroeder
1326,Eugene Lepeico,Eugene
1327,Reinhard Schu,Richard Hart
1328,Dmitry Savonin,Sumit Sarin
1329,Dmitry Savonin,Dmitrij Koniajev
1330,Dmitry Savonin,Dmitry Zenovich
1331,piersy,Adam Spiers
1332,Martin,Brion
1333,Martin,Marius
1334,Martin,Mark
1335,Martin,martin becze
1336,wangxiang,Hanjiang Yu
1337,wangxiang,changhong
1338,wangxiang,dipingxian2
1339,wangxiang,Wuxiang
1340,Peter Lai,Petr Mikusek
1341,Peter Lai,Peter Robinson
1342,Peter Lai,Peter Pratscher
1343,David Mechler,David Chase
1344,David Mechler,Daniel Lehrner
1345,Mark Tyneway,Marian Oancea
1346,Matthew Di Ferrante,Matthew Wampler-Doty
1347,Matthew Di Ferrante,Armani Ferrante
1348,Matthew Di Ferrante,Matthew Halpern
1349,Quest Henkart,Koustubh Sinkar
1350,nolash,omahs
1351,nolash,nala
1352,Brion,Binacs
1353,Brion,Aron
1354,tamirms,Adam Spiers
1355,tamirms,mars
1356,Jaanek Oja,Jano? Gulja?
1357,Nick Kjolsing,Nick Johnson
1358,Nick Kjolsing,Nicolas Feignon
1359,Yao Zengzeng,Wenbiao Zheng
1360,tintin,xinluyin
1361,Marek Moraczy?ski,Marek Kotewicz
1362,Marius,Mark
1363,Marius,Mark Shields
1364,Marius,mars
1365,Ali Atiia,Ali Hajimirza
1366,Alireza Arjmand,Andrea Franz
1367,Alberto Hernandez,Joshua Fernandes
1368,Alberto Hernandez,Daniel Fernandes
1369,Adam Schmideg,Adam Spiers
1370,Adam Schmideg,Ryan Schneider
1371,divergencetech,racytech
1372,gladcow,Elad
1373,Joshua Fernandes,Daniel Fernandes
1374,Joshua Fernandes,John C. Vernaleo
1375,Dave Conroy,Daniel Choi
1376,Dave Conroy,Dave McGregor
1377,Parithosh Jayanthi,Darioush Jalali
1378,Matthew Wampler-Doty,Matthew Halpern
1379,Nikola,Noman
1380,Daniel Choi,Sanghee Choi
1381,Daniel Choi,Daniel A. Nagy
1382,Daniel Choi,David Chase
1383,Daniel Choi,Dan Cline
1384,Daniel Choi,Daniel Lehrner
1385,Daniel Choi,Daniel Perez
1386,Anshul Yadav,Anshal Shukla
1387,shawn,emhane
1388,Armani Ferrante,Daniel Fernandes
1389,Armani Ferrante,Andrea Franz
1390,Roderik van der Veer,Alexander van der Meij
1391,YH-Zhou,Ti Zhou
1392,iszubok,shuo
1393,Andrei Maiboroda,Adrian Sabau
1394,Victor Shyba,Hector Chu
1395,Victor Shyba,Victor Naumik
1396,Joey Zhou,Ti Zhou
1397,Alexey Sharov,Alex Mazalov
1398,Alexey Sharov,Alex Nebotov
1399,Alexey Sharov,alex.sharov
1400,Alexey Sharov,Jeremy Schlatter
1401,stormpang,Noman
1402,stormpang,stompesi
1403,stormpang,formatting
1404,Nischal Sharma,Anshal Shukla
1405,Nischal Sharma,Nishant Das
1406,Nischal Sharma,Richard Schumann
1407,Dave,Denver
1408,zhaochonghe,changhong
1409,zhaochonghe,zcheng9
1410,nicky g,Rick
1411,Vaibhaw,gaia
1412,Guillaume Lethuillier,Guillaume NICOLAS
1413,@edgararout,Edgar Aroutiounian
1414,Flash Sheridan,Tatsuya Shimoda
1415,Noman,emhane
1416,Noman,omahs
1417,Matt Nelson,Mark Evenson
1418,Matt Nelson,battlmonstr
1419,Jordan Krage,Roman Krasiuk
1420,Jordan Krage,Jordan Cohen
1421,Di Peng,David Hwang
1422,Daniel Fernandes,Darrel Herbst
1423,Daniel Fernandes,Rachel Franks
1424,Daniel Fernandes,Daniel Lehrner
1425,Daniel Fernandes,Daniel Perez
1426,Darrel Herbst,Daniel Perez
1427,Ivan Aracki,Ivan Daniluk
1428,Alex Mazalov,Alex Sharp
1429,Alex Mazalov,Alex Nebotov
1430,Adam Spiers,Adam Babik
1431,Fabio Berger,Paul Berg
1432,David Chase,David Hwang
1433,David Chase,David Dzhalaev
1434,Luke Yeager,Luke Montgomery
1435,Dan Cline,Dan Kinsley
1436,Dan Cline,Dan Kelly
1437,Dan Cline,Alan Chen
1438,Mark Evenson,Mohanson
1439,Mark Evenson,Mark Shields
1440,Mark Evenson,Mark Vujevits
1441,Dan Laine,Marian Oancea
1442,Dan Laine,Dan Kinsley
1443,Dan Laine,Paul Lange
1444,Dan Laine,Daniel Lehrner
1445,Dan Laine,Dan Kelly
1446,Adam Babik,Abdelhamid Bakhta
1447,Adam Babik,Adrian Sabau
1448,changhong,chenglin
1449,changhong,Mohanson
1450,changhong,Ziyuan Zhong
1451,changhong,Changyoung Koh
1452,varasev,mars
1453,Corey Lin,Cody Born
1454,Shane Bammel,Kushal Babel
1455,Yurie,Curith
1456,Steven Dee,Steve Mieskoski
1457,Steven Dee,Steven Schroeder
1458,Steven Dee,Stevan Lohja
1459,gaia,akiva
1460,ligi,mulili
1461,Ivan Daniluk,Roman Krasiuk
1462,dmitriyselivanov,Dmitry Zenovich
1463,Eugene,Evgeny
1464,Ahmad Bitar,Abdelhamid Bakhta
1465,Ahmad Bitar,Thad Guidry
1466,Steve Ruckdashel,Steven Schroeder
1467,Rachel Bousfield,Rachel Franks
1468,Tyler Chambers,Tyler Ferrara
1469,xiyang,yihuang
1470,xiyang,Ziyuan Zhong
1471,xiyang,xinluyin
1472,Mateusz Morusiewicz,Mateusz J?drzejewski
1473,Mateusz Morusiewicz,Mateusz J
1474,Jonathan Brown,Mohanson
1475,Nick Johnson,Mohanson
1476,Gari Singh,Prince Sinha
1477,Gari Singh,Pawan Singh Pal
1478,Gari Singh,Gary Rong
1479,Dan DeGreef,Daniel Lehrner
1480,Dan DeGreef,Daniel Perez
1481,Evgeny,Evgeny Kolyakov
1482,omahs,croath
1483,omahs,mars
1484,sarah,1swaraj
1485,Mateusz J?drzejewski,Mateusz J
1486,David Hwang,David Dzhalaev
1487,Anton Markelov,Marcos Antonio Maceo
1488,brendan-kelly,Dan Kelly
1489,Falco,FaceHo
1490,jwasinger,wanderer
1491,chenglin,zcheng9
1492,Ruben Buniatyan,Suhabe Bugrara
1493,Steven Schroeder,Ryan Schneider
1494,Steven Schroeder,Brian Schroeder
1495,racytech,croath
1496,Ryan Schneider,Brian Schroeder
1497,Roman Krasiuk,Roman Vaseev
1498,Prince Sinha,Pawan Singh Pal
1499,Justin,yutianwu
1500,Jay,Jay Guo
1501,Miya Chen,Ziyuan Zhong
1502,Miya Chen,Wenbiao Zheng
1503,Miya Chen,Jordan Cohen
1504,Miya Chen,Alan Chen
1505,Alex Sharp,alex.sharov
1506,Adrian Sabau,Marian Oancea
1507,yihuang,Wuxiang
1508,Marian Oancea,Fabian Raetz
1509,Marian Oancea,martin becze
1510,foxreymann,formatting
1511,Emil,mulili
1512,Micah Zoltu,Ti Zhou
1513,Brian Schroeder,Brandon Harden
1514,Timur Badretdinov,Tim Beiko
1515,Richard Schumann,Richard Hart
1516,Richard Schumann,Ricardo Domingos
1517,Dan Kinsley,Dan Kelly
1518,Paul Lange,Paul Berg
1519,terasum,therainisme
1520,Mark Shields,Mark Vujevits
1521,ValValu,nala
1522,Ziyuan Zhong,Wenbiao Zheng
1523,Lucas Cullen,Lucas Hendren
1524,Daniel Lehrner,Daniel Perez
1525,Jordan Cohen,Alan Chen
