mod_name,author_name,EIP,following,follower,link,Linkedin,...7,extra_in_twitter,author_id,tw_matched_names
0age,0age,2,86,9416,https://twitter.com/z0age,,,,98,0age
0xtriple7,0xTriple7,1,,,,no found,,,417,0xTriple7
2pmflow,2pmflow,1,997,9616,https://twitter.com/2pmflow,,,,293,2pmflow
aaronchen,Aaron Chen,1,,,,no found,,,208,Aaron Chen
aaronkendall,Aaron Kendall,1,,,,no found,,,146,Aaron Kendall
abdelhamidbakhta,Abdelhamid Bakhta,7,541,13400,https://twitter.com/dimahledba,,,,163,Abdelhamid Bakhta
abhimanyunag,Abhimanyu Nag,1,,,,no found,,,536,Abhimanyu Nag
adamboudjemaa,Adam Boudjemaa,1,,,,no found,,,557,Adam Boudjemaa
adamlevi,Adam Levi,1,,,,no found,,,324,Adam Levi
adriansutton,Adrian Sutton,1,295,3546,https://twitter.com/ajsutton,,,,123,Adrian Sutton
afrischoedon,Afri Schoedon,6,141,131,https://twitter.com/a4fri,,,,23,Afri Schoedon
agustinaguilar,Agustin Aguilar,1,,,,no found,,,250,Agustin Aguilar
alanlu,Alan Lu,1,,,,no found,,,63,Alan Lu
alanscarpellini,Alan Scarpellini,1,,,,no found,,,360,Alan Scarpellini
albertchon,Albert Chon,1,2061,1328,https://twitter.com/albertchon,,,,67,Albert Chon
albertocuestacaria,Alberto Cuesta Caria,4,98,3988,https://twitter.com/alcueca,,,Extra in Twitter,170,Alberto Cuesta Caria
alejosalles,Alejo Salles,1,,,,no found,,,514,Alejo Salles
alex,Alex,2,,,,no found,,,385,Alex
alexandrebelling,Alexandre Belling,1,245,148,https://twitter.com/alexand_belling,,,,109,Alexandre Belling
alexberegszaszi,Alex Beregszaszi,39,689,6703,https://twitter.com/alexberegszaszi,,,,11,Alex Beregszaszi
alexeyakhunov,Alexey Akhunov,8,,,,no found,,,62,Alexey Akhunov
alexforshtat,Alex Forshtat,5,136,22,https://twitter.com/forshtat,,,,102,Alex Forshtat
alexi,Alexi,1,,,,no found,,,237,Alexi
alexpapageorgiou,Alex Papageorgiou,2,,,,no found,,,184,Alex Papageorgiou
alexqin,Alex Qin,1,,,,no found,,,414,Alex Qin
alexstokes,Alex Stokes,4,1075,5307,https://twitter.com/ralexstokes,,,,215,Alex Stokes
alexvandesande,Alex Van de Sande,6,1935,45700,https://twitter.com/avsa,,,,8,Alex Van de Sande
alexvlasov,Alex Vlasov,4,76,728,https://twitter.com/Shamatar,,,,115,Alex Vlasov
allenzhou,Allen Zhou,1,277,356,https://twitter.com/jsj_solk,,,,278,Allen Zhou
alvisdu,AlvisDu,1,,,,no found,,,571,AlvisDu
amirbandeali,Amir Bandeali,1,731,4208,https://twitter.com/abandeali1,,,,509,Amir Bandeali
anders,Anders,6,,,,no found,,,223,Anders
andersonwesley,Anderson Wesley,1,,,,no found,,,49,Anderson Wesley
andreabrancaleoni,Andrea Brancaleoni,1,,,,no found,,,494,Andrea Brancaleoni
andrealanfranchi,Andrea Lanfranchi,2,,,,no found,,,93,Andrea Lanfranchi
andreasfreund,Andreas Freund,1,,,,no found,,,224,Andreas Freund
andreasgassmann,AndreasGassmann,1,157,193,https://twitter.com/AndreasGassmann,,,,558,AndreasGassmann
andreimaiboroda,Andrei Maiboroda,8,382,161,https://twitter.com/gumb00,,,,214,Andrei Maiboroda
andresel-fakdi,Andres El-Fakdi,1,,,,no found,,,477,Andres El-Fakdi
andrewbcoathup,Andrew B Coathup,1,,,,no found,,,221,Andrew B Coathup
andrewcooke,Andrew Cooke,2,,,,no found,,,315,Andrew Cooke
andrewredden,Andrew Redden,1,7318,7372,https://twitter.com/androolloyd,,,,326,Andrew Redden
andy8052,andy8052,1,2791,84800,https://twitter.com/andy8052,,,,566,andy8052
andychorlian,Andy Chorlian,1,2799,84800,https://twitter.com/andy8052,,,,333,Andy Chorlian
ankitraj,ankit raj,1,42,9,https://twitter.com/Ankit_raj,,,,581,ankit raj
annacrowley,Anna Crowley,1,,,,no found,,,448,Anna Crowley
ansgardietrichs,Ansgar Dietrichs,5,265,8352,https://twitter.com/ETHDubaiConf,,,,200,Ansgar Dietrichs
antonbuenavista,Anton Buenavista,1,424,412,https://twitter.com/ayobuenavista,,,,482,Anton Buenavista
antonbukov,Anton Bukov,1,2626,26700,https://twitter.com/k06a,,,,195,Anton Bukov
antoniosalazarcardozo,Antonio Salazar Cardozo,1,,,,no found,,,58,Antonio Salazar Cardozo
antonwahrsta$tter,Anton Wahrst????tter,1,,,,no found,,Extra in Twitter,273,Anton Wahrstatter
anuragangara,Anurag Angara,1,,,,no found,,,88,Anurag Angara
apeguru,Apeguru,1,,,,no found,,,287,Apeguru
atefanaimec,Stefan Simec,1,,,,no found,,Extra in Twitter,569,Stefan Simec
auroreguillevic,Aurore Guillevic,1,,,,no found,,,461,Aurore Guillevic
aurynmacmillan,Auryn Macmillan,2,3288,8504,vhttps://twitter.com/auryn_macmillan,,,,191,Auryn Macmillan
austingriffith,Austin Griffith,1,6897,52000,https://twitter.com/austingriffith,,,,561,Austin Griffith
austinwilliams,Austin Williams,2,,,,no found,,,525,Austin Williams
austinzhu,Austin Zhu,1,,,,no found,,,288,Austin Zhu
avihulevy,Avihu Levy,2,354,2371,https://twitter.com/avihu28,,,,503,Avihu Levy
barrywhitehat,Barry WhiteHat,1,109,2063,https://twitter.com/barrywhitehat,,,,136,Barry WhiteHat
benbollen,Ben Bollen,1,1076,1331,https://twitter.com/BenjaminBollen,,,,344,Ben Bollen
benhauser,Ben Hauser,1,,,,no found,,,554,Ben Hauser
benjaminchodroff,Benjamin Chodroff,1,,,,no found,,,212,Benjamin Chodroff
benjaminhauser,Benjamin Hauser,1,,,,no found,,,522,Benjamin Hauser
benkaufman,Ben Kaufman,1,933,52400,https://twitter.com/_benkaufman,,,,79,Ben Kaufman
bentinner,Ben Tinner,1,403,363,https://twitter.com/common_clarity,,,,169,Ben Tinner
bertrandmasius,Bertrand Masius,1,,,,no found,,,568,Bertrand Masius
bicongwang,Bicong Wang,1,,,,no found,,,321,Bicong Wang
billyrennekamp,Billy Rennekamp,1,1313,7394,https://twitter.com/billyrennekamp,,,,100,Billy Rennekamp
blainemalone,Blaine Malone,1,519,2450,https://twitter.com/blainemalone,,,,459,Blaine Malone
blockdev,blockdev,1,,,,no found,,,533,blockdev
bradleyleatherwood,Bradley Leatherwood,1,,,,no found,,,55,Bradley Leatherwood
brandongrill,Brandon Grill,1,9,1,https://twitter.com/brandon_grill,,,,506,Brandon Grill
brantlymillegan,Brantly Millegan,1,645,52300,https://twitter.com/BrantlyMillegan,,,,468,Brantly Millegan
braytongoodall,Brayton Goodall,1,,,,no found,,,205,Brayton Goodall
brendanasselstine,Brendan Asselstine,1,814,2197,https://twitter.com/b_asselstine,,,,245,Brendan Asselstine
brettkolodny,Brett Kolodny,1,2,8,https://twitter.com/BrettKolodny,,,,423,Brett Kolodny
brianr.bondy,Brian R. Bondy,1,,,,no found,,,413,Brian R. Bondy
brianventuro,Brian Venturo,1,,,,no found,,,80,Brian Venturo
brooklynzelenka,Brooklyn Zelenka,6,1178,3589,https://twitter.com/expede,,,,44,Brooklyn Zelenka
brunobarbieri,Bruno Barbieri,1,,,,no found,,,103,Bruno Barbieri
brunoskvorc,Bruno skvorc,2,6005,47200,https://twitter.com/bitfalls,,,,292,Bruno skvorc
bryanteisenbach,Bryant Eisenbach,2,,,,no found,,,327,Bryant Eisenbach
buzzcai,Buzz Cai,1,,,,no found,,,259,Buzz Cai
calvinkoder,Calvin Koder,1,,,,no found,,,178,Calvin Koder
cameronrobertson,Cameron Robertson,1,,,,no found,,,501,Cameron Robertson
carlbeekhuizen,Carl Beekhuizen,3,,,,no found,,,129,Carl Beekhuizen
carllarson,Carl Larson,1,,,,no found,,,38,Carl Larson
carolinemarshall,Caroline Marshall,1,,,,no found,,,516,Caroline Marshall
caseydetrio,Casey Detrio,3,624,1058,https://twitter.com/cdetrio,,,,34,Casey Detrio
cedricngakam,Cedric Ngakam,1,,,,no found,,,463,Cedric Ngakam
chadfleming,Chad Fleming,1,,,,no found,,,576,Chad Fleming
chaitanyakonda,Chaitanya Konda,2,256,523,https://twitter.com/ChaitanyaKonda,,,,343,Chaitanya Konda
chaitanyapotti,Chaitanya Potti,2,695,716,https://twitter.com/ChaitanyaPotti,,,,75,Chaitanya Potti
chaopi,Chao Pi,1,,,,no found,,,384,Chao Pi
charlescooper,Charles Cooper,3,,,,no found,,,110,Charles Cooper
charleslehner,Charles Lehner,1,,,,no found,,,492,Charles Lehner
chih-chengliang,Chih-Cheng Liang,1,1140,2869,https://twitter.com/ChihChengLiang,,,,310,Chih-Cheng Liang
christianreitwiessner,Christian Reitwiessner,8,,,,no found,https://www.linkedin.com/in/dr-christian-reitwiessner-594b0982/?originalSubdomain=de,,4,Christian Reitwiessner
christiantzurcanu,Christian Tzurcanu,4,17,14,https://twitter.com/ctzurcanu,,,,341,Christian Tzurcanu
christophburgdorf,Christoph Burgdorf,1,276,3586,https://twitter.com/cburgdorf,,,,135,Christoph Burgdorf
christophelebars,Christophe Le Bars,1,,,,no found,,,248,Christophe Le Bars
christophergewecke,Christopher Gewecke,1,,,,no found,,,325,Christopher Gewecke
christophjentzsch,Christoph Jentzsch,1,708,9561,https://twitter.com/ChrJentzsch,,,,317,Christoph Jentzsch
christophmussenbrock,Christoph Mussenbrock,1,706,1401,https://twitter.com/liesdorn,,,,92,Christoph Mussenbrock
chuqiaoren,Chuqiao Ren,1,,,,no found,,,334,Chuqiao Ren
cicada,Cicada,2,,,,no found,,,424,Cicada
coalalicensingtaskforce,COALA Licensing Taskforce,1,,,,no found,,,409,COALA Licensing Taskforce
codyburns,Cody Burns,1,,,,no found,,,28,Cody Burns
cozyfinance,Cozy Finance,1,9,12900,https://twitter.com/cozyfinance,,,,289,Cozy Finance
cry,Cry,1,,,,no found,,,483,Cry
cyberpnk,Cyberpnk,1,,,,no found,,,562,Cyberpnk
cygaar,cygaar,2,320,37500,https://twitter.com/0xCygaar,,,,285,cygaar
cyrillapinte,Cyril Lapinte,1,1544,438,https://twitter.com/zharjac,,,,96,Cyril Lapinte
damianmartinelli,Damian Martinelli,1,503,608,https://twitter.com/damianmarti,,,,474,Damian Martinelli
danescarborough,Dane Scarborough,1,,,,no found,,,375,Dane Scarborough
danfinlay,Dan Finlay,6,3212,23000,https://twitter.com/danfinlay,,,,31,Dan Finlay
daniela.nagy,Daniel A. Nagy,1,,,,no found,,,25,Daniel A. Nagy
danielivanov,Daniel Ivanov,1,246,496,https://twitter.com/danielkivanov,,,,201,Daniel Ivanov
daniellehrner,Daniel Lehrner,6,313,40,https://twitter.com/daniellehrner,,,,119,Daniel Lehrner
danielstreit,Daniel Streit,1,,,,no found,,,182,Daniel Streit
danieltedesco,Daniel Tedesco,1,90,538,https://twitter.com/dtedesco1,,,,231,Daniel Tedesco
dankradfeist,Dankrad Feist,6,306,16300,https://twitter.com/dankrad,,,,188,Dankrad Feist
danlong,Dan Long,1,,,,no found,,,337,Dan Long
danmiller,Dan Miller,1,,,,no found,,,531,Dan Miller
dannoferrin,Danno Ferrin,2,516,1303,https://twitter.com/shemnon,,,,107,Danno Ferrin
dannyryan,Danny Ryan,10,78,26000,https://twitter.com/dannyryan,,,,50,Danny Ryan
danphifer,Dan Phifer,1,,,,no found,,,39,Dan Phifer
davesag,Dave Sag,1,2143,2935,https://twitter.com/davesag,,,,41,Dave Sag
davidbuckman,David Buckman,1,,,,no found,,,216,David Buckman
davidkim,David Kim,1,672,120,https://twitter.com/davidkimoficial,,,,211,David Kim
davidknott,David Knott,1,407,1564,https://twitter.com/davidlknott,,,,460,David Knott
davidlaprade,David Laprade,1,35,59,https://twitter.com/david_laprade,,,,545,David Laprade
davidlevitgurevich,David Levit Gurevich,1,,,,no found,,,547,David Levit Gurevich
davidnaoa+/-ez,David Nunez,1,,,,no found,,Extra in Twitter,476,David Nunez
davidra!bel,David R????bel,1,,,,no found,,Extra in Twitter,405,David Rabel
davidstanfill,David Stanfill,1,,,,no found,,,47,David Stanfill
davidzhang,David Zhang,1,,,,no found,,,442,David Zhang
deaneigenmann,Dean Eigenmann,2,275,17600,https://twitter.com/DeanEigenmann,,,,43,Dean Eigenmann
defifofum,DeFiFoFum,1,2437,2418,https://twitter.com/DeFiFoFum,,,,544,DeFiFoFum
deniserfurt,Denis Erfurt,1,,,,no found,,,428,Denis Erfurt
dennisvonderbey,Dennis von der Bey,1,92,42,https://twitter.com/fermentfan,,,,490,Dennis von der Bey
derekzhou,Derek Zhou,1,,,,no found,,,455,Derek Zhou
derivstudio,DerivStudio,1,103,238,https://twitter.com/derivstudio,,,,249,DerivStudio
devinconley,Devin Conley,1,,,,no found,,,232,Devin Conley
dhruvmalik,Dhruv Malik,1,2276,275,https://twitter.com/lesDecroissant,,,,526,Dhruv Malik
diederikloerakker,Diederik Loerakker,1,,,,no found,,,473,Diederik Loerakker
dietershirley,Dieter Shirley,1,137,9295,https://twitter.com/dete73,,,,302,Dieter Shirley
dmitrykhovratovich,Dmitry Khovratovich,1,114,1805,https://twitter.com/Khovr,,,,371,Dmitry Khovratovich
dobbylabs,DOBBYLABS,1,2,0,https://twitter.com/DOBBYLABS16,,,,563,DOBBYLABS
dominicletz,Dominic Letz,1,173,419,https://twitter.com/DominicLetz,,,,128,Dominic Letz
dr.christophergorman,Dr. Christopher Gorman,1,,,,no found,,,164,Dr. Christopher Gorman
dradiant,dRadiant,1,,,,no found,,,398,dRadiant
drortirosh,Dror Tirosh,4,30,42,https://twitter.com/drortirosh,,,,336,Dror Tirosh
duncanwestland,Duncan Westland,2,,,,no found,,,452,Duncan Westland
dwang,D Wang,1,,,,no found,,,485,D Wang
easyinnova,Easy Innova,1,,,,no found,,,478,Easy Innova
edison0xyz,edison0xyz,1,854,2685,https://twitter.com/edison0xyz,,,,502,edison0xyz
edsonayllon,Edson Ayllon,1,,,,no found,,,133,Edson Ayllon
edwardamor,Edward Amor,1,,,,no found,,,399,Edward Amor
elibensasson,Eli Ben Sasson,2,416,27600,https://twitter.com/EliBenSasson,,,,346,Eli Ben Sasson
elie222,elie222,1,,,,no found,,,264,elie222
eosclassic,EOS Classic,1,0,20,https://twitter.com/EOS_Classic,,,,77,EOS Classic
ericbinet,Eric Binet,2,,,,no found,,,517,Eric Binet
ericconner,Eric Conner,2,,,,no found,,,130,Eric Conner
ericdvorsak,Eric Dvorsak,1,149,101,https://twitter.com/EricDvorsak,,,,348,Eric Dvorsak
ericmartihaynes,Eric Marti Haynes,1,125,95,https://twitter.com/ericmartihaynes,,,,395,Eric Marti Haynes
erikmarks,Erik Marks,11,633,1841,https://twitter.com/rekmarks,,,,167,Erik Marks
ernestogarca-a,Ernesto Garcia,1,,,,no found,,Extra in Twitter,297,Ernesto Garcia
estebanmino,Esteban Mino,1,,,https://twitter.com/Esteban_Mino_,Account Suspended,,,304,Esteban Mino
ethany.tsai,Ethan Y. Tsai,1,,,,no found,,,464,Ethan Y. Tsai
evan,Evan,1,,,,no found,,,319,Evan
eyaleithcowich,Eyal Eithcowich,1,,,,no found,,,532,Eyal Eithcowich
fabianvogelsteller,Fabian Vogelsteller,5,432,43500,https://twitter.com/feindura,,,,7,Fabian Vogelsteller
fabienmarino,Fabien Marino,1,,,,no found,,,362,Fabien Marino
fantorchz,Fan Torchz,1,,,,no found,,,429,Fan Torchz
felixjlange,Felix J Lange,1,,,,no found,,,101,Felix J Lange
felixlange,Felix Lange,6,,,,no found,,,6,Felix Lange
fernandoparis,Fernando Paris,5,,,,no found,,,121,Fernando Paris
filipatamcar,Filip Stamcar,1,,,,no found,,Extra in Twitter,137,Filip Stamcar
filippmakarov,Filipp Makarov,1,,,,no found,,,291,Filipp Makarov
fionakobayashi,Fiona Kobayashi,2,604,9431,https://twitter.com/fifikobayashi,,,,365,Fiona Kobayashi
firnprotocol,Firn Protocol,1,159,5865,https://twitter.com/firnprotocol,,,,281,Firn Protocol
foobar,foobar,1,,,,no found,,,284,foobar
fovcao,Fov Cao,1,,,,no found,,,565,Fov Cao
fra(c)da(c)riclecoidic,Frederic Le Coidic,1,,,,no found,,Extra in Twitter,410,Frederic Le Coidic
franciscogiordano,Francisco Giordano,4,,,,no found,,,76,Francisco Giordano
franzchen,Franz Chen,1,,,,no found,,,580,Franz Chen
fred,Fred,1,,,,no found,,,541,Fred
friedl.trout,Fried L. Trout,1,,,,no found,,,416,Fried L. Trout
fubuloubu,fubuloubu,2,776,11300,https://twitter.com/fubuloubu,,,,462,fubuloubu
g.nicholasd'andrea,g. nicholas d'andrea,2,,,,no found,,,457,g. nicholas d'andrea
g.nicholasd'andrea,g. nicholas d'andrea,2,,,,no found,,,457,g. nicholas d'andrea
gabrielbarros,Gabriel Barros,1,,,,no found,,,106,Gabriel Barros
gajindersingh,Gajinder Singh,1,,,,no found,,,187,Gajinder Singh
garyrong,Gary Rong,2,385,781,https://twitter.com/Gary_Rong,,,,349,Gary Rong
gaurangtorvekar,Gaurang Torvekar,1,1460,1506,https://twitter.com/gaurangtorvekar,,,,279,Gaurang Torvekar
gavinfu,Gavin Fu,1,,,,no found,,,280,Gavin Fu
gavinwood,Gavin Wood,1,157,390800,https://twitter.com/gavofyork,,,,13,Gavin Wood
georgekadianakis,George Kadianakis,2,,,,no found,,,202,George Kadianakis
georgespasov,George Spasov,1,86,14,https://twitter.com/georgespasov,,,,377,George Spasov
gerhardwagner,Gerhard Wagner,1,125,2092,https://twitter.com/g3rh4rdw4gn3r,,,,87,Gerhard Wagner
gianlucaperletti,Gianluca Perletti,1,,,,no found,,,155,Gianluca Perletti
giuseppebertone,Giuseppe Bertone,1,697,164,https://twitter.com/giuseppebertone,,,,149,Giuseppe Bertone
glebnaumenko,Gleb Naumenko,2,493,3956,https://twitter.com/ffstls,,,,433,Gleb Naumenko
green,Green,1,,,,no found,,,235,Green
gregcolvin,Greg Colvin,8,0,1610,https://twitter.com/greg_colvin,,,,20,Greg Colvin
gregorymarkou,Gregory Markou,4,,,,no found,,,108,Gregory Markou
gregoryrocco,Gregory Rocco,1,,,,no found,,,376,Gregory Rocco
guillaumeballet,Guillaume Ballet,5,108,2225,https://twitter.com/gballet,,,,142,Guillaume Ballet
hadriencroubois,Hadrien Croubois,6,369,3120,https://twitter.com/Amxx,,,,138,Hadrien Croubois
haoyulin,Haoyu Lin,1,2,7,https://twitter.com/HaoyuLin,,,,347,Haoyu Lin
harikrishnanmulackal,Harikrishnan Mulackal,1,192,3805,https://twitter.com/_hrkrshnn,,,,233,Harikrishnan Mulackal
hermanjunge,Herman Junge,1,,,,no found,,,162,Herman Junge
hexzorro,HexZorro,1,,,,no found,,,179,HexZorro
honorlabs,HonorLabs,1,80,0,,https://twitter.com/Honorlabs,,,282,HonorLabs
howardmarks,Howard Marks,1,,,,no found,,,331,Howard Marks
huazhang,Hua Zhang,1,,,,no found,,,141,Hua Zhang
hudsonjameson,Hudson Jameson,1,2819,49800,https://twitter.com/hudsonjameson,,,,5,Hudson Jameson
hugodelacruz,Hugo De la cruz,1,,,,no found,,,373,Hugo De la cruz
hyungsukkang,Hyungsuk Kang,1,751,1121,https://twitter.com/hyungsuk_k,,,,253,Hyungsuk Kang
iamnotchris,Iamnot Chris,1,,,,no found,,,90,Iamnot Chris
iannorden,Ian Norden,1,181,144,https://twitter.com/IanSNorden,,,,551,Ian Norden
idogershtein,Ido Gershtein,1,,,,no found,,,472,Ido Gershtein
ifdefelse,IfDefElse,1,,,,no found,,,507,IfDefElse
ignaciomazzara,Ignacio Mazzara,1,279,897,https://twitter.com/nachomazzara,,,,228,Ignacio Mazzara
ikmyeongna,Ikmyeong Na,1,,,,no found,,,95,Ikmyeong Na
iluminadabaturone,Iluminada Baturone,1,,,,no found,,,530,Iluminada Baturone
infernal_toast,Infernal_toast,1,,,,no found,,,309,Infernal_toast
ironman_ch,IronMan_CH,1,194,45,https://twitter.com/IronMan_CH,,,,260,IronMan_CH
isaacardis,Isaac Ardis,2,205,303,https://twitter.com/isaacardis,,,,27,Isaac Ardis
isaacbuckman,Isaac Buckman,1,,,,no found,,,383,Isaac Buckman
isaacpatka,Isaac Patka,2,812,1432,https://twitter.com/isaacpatka,,,,270,Isaac Patka
iurimatias,Iuri Matias,1,353,4981,https://twitter.com/iurimatias,,,,548,Iuri Matias
iva!nmaa+/-aos,Ivan Manus,1,,,,no found,,Extra in Twitter,251,Ivan Manus
jackpeterson,Jack Peterson,1,,,,no found,,,32,Jack Peterson
jacobevans,Jacob Evans,2,,,,no found,,,430,Jacob Evans
jacobward,Jacob Ward,1,703,83,https://twitter.com/_jacob_ward,,,,411,Jacob Ward
jacquesdafflon,Jacques Dafflon,3,,,,no found,,,33,Jacques Dafflon
jacqueswagener,Jacques Wagener,1,,,,no found,,,329,Jacques Wagener
jakerockland,Jake Rockland,1,,,,no found,,,543,Jake Rockland
jakobhelgesson,Jakob Helgesson,1,,,,no found,,,391,Jakob Helgesson
jalilwahdatehagh,Jalil Wahdatehagh,1,1,0,https://twitter.com/jalil_testing,,,,394,Jalil Wahdatehagh
james,James,1,,,,no found,,,246,James
jameschoncholas,James Choncholas,1,,,,no found,,,131,James Choncholas
jamesgrimmelmann,James Grimmelmann,1,,,,no found,,,252,James Grimmelmann
jameshancock,James Hancock,8,1040,4295,https://twitter.com/JHancock,,,,122,James Hancock
jameslevy,James Levy,1,985,138,https://twitter.com/you_can_do_more,,,,305,James Levy
jamesmorgan,James Morgan,1,,,,no found,,,361,James Morgan
jamesray,James Ray,1,,,,no found,,,45,James Ray
jamessangalli,James Sangalli,4,149,158,https://twitter.com/JamesSangalli,,,,306,James Sangalli
jamesseibel,James Seibel,1,170,246,https://twitter.com/seibelj,,,,524,James Seibel
jamestherien,James Therien,2,,,,no found,,,449,James Therien
janburea!,Jan Bure????,1,,,,no found,,Extra in Twitter,538,Jan Bures
jansmra3/4a, Jan Smrza,1,,,,no found,,Extra in Twitter,262, Jan Smrza
janturk,Jan Turk,3,222,63,https://twitter.com/JA_JanTurk,,,,60,Jan Turk
jaredwasinger,Jared Wasinger,1,167,258,https://twitter.com/j_wasinger,,,,497,Jared Wasinger
jarnomarttila,Jarno Marttila,1,,,,no found,,,236,Jarno Marttila
javierarcenegui,Javier Arcenegui,1,,,,no found,,,204,Javier Arcenegui
jaylogelin,Jay Logelin,1,,,,no found,,,46,Jay Logelin
jeanm.cyr,Jean M. Cyr,1,,,,no found,,,328,Jean M. Cyr
jeffhuang,Jeff Huang,1,,,,no found,,,72,Jeff Huang
jennifercooper,Jennifer Cooper,1,,,,no found,,,330,Jennifer Cooper
jeremyz,Jeremy Z,1,,,,no found,,,261,Jeremy Z
jetjadeja,Jet Jadeja,1,185,6071,https://twitter.com/JetJadeja,,,,470,Jet Jadeja
jetlim,Jet Lim,2,,,,no found,,,66,Jet Lim
jiangshanyu,Jiangshan Yu,2,169,194,https://twitter.com/JiangshanYu,,,,453,Jiangshan Yu
jimmcdonald,Jim McDonald,4,,,,no found,,,68,Jim McDonald
joachimlebrun,Joachim Lebrun,1,58,5,https://twitter.com/JoachimLebrun,,,,189,Joachim Lebrun
joelthorstensson,Joel Thorstensson,1,,,,no found,,,148,Joel Thorstensson
joeltorstensson,Joel Torstensson,1,,,,no found,,,312,Joel Torstensson
joemesserman,Joe Messerman,1,405,14,https://twitter.com/JoeMesserman,,,,438,Joe Messerman
joeysantoro,Joey Santoro,1,676,18300,https://twitter.com/joey__santoro,,,,209,Joey Santoro
johannbarbie,Johann Barbie,1,,,,no found,,,114,Johann Barbie
john,John,1,,,,no found,,,479,John
johnadler,John Adler,1,126,1022,https://twitter.com/JohnRAdler,,,,124,John Adler
johngriffin,John Griffin,1,,,,no found,,,583,John Griffin
johnmaxskaller,John Max Skaller,1,,,,no found,,,518,John Max Skaller
johnpeterson,John Peterson,1,,,,no found,,,225,John Peterson
johnshiple,John Shiple,1,,,,no found,,,85,John Shiple
johnzettler,John Zettler,1,2026,2942,https://twitter.com/JohnZettler,,,,436,John Zettler
jonathanunderwood,Jonathan Underwood,1,,,,no found,,,150,Jonathan Underwood
jordanschalm,Jordan Schalm,1,,,,no found,,,435,Jordan Schalm
jordibaylina,Jordi Baylina,6,1126,12100,https://twitter.com/jbaylina,,,,36,Jordi Baylina
jorgeizquierdo,Jorge Izquierdo,4,797,10600,https://twitter.com/izqui9,,,,42,Jorge Izquierdo
josephchow,Joseph Chow,1,994,2042,https://twitter.com/matlabulous,,,,3,Joseph Chow
josephstockermans,Joseph Stockermans,1,,,,no found,,,140,Joseph Stockermans
joseplluisdelarosa,Josep Lluis de la Rosa,2,,,,no found,,,387,Josep Lluis de la Rosa
joshklopfenstein,Josh Klopfenstein,1,,,,no found,,,484,Josh Klopfenstein
joshuahendrix,Joshua Hendrix,1,,,,no found,,,481,Joshua Hendrix
joshuatan,Joshua Tan,1,,,,no found,,,218,Joshua Tan
juanblanco,Juan Blanco,1,,,,no found,,,354,Juan Blanco
juancarloscanta3,Juan Carlos Canto,1,,,,no found,,Extra in Twitter,400,Juan Carlos Canto
juleslai,Jules Lai,2,,,,no found,,,199,Jules Lai
julianorizzo,Juliano Rizzo,1,1912,9134,https://twitter.com/julianor,,,,70,Juliano Rizzo
juliansvirsky,Julian Svirsky,1,,,,no found,,,332,Julian Svirsky
juliantraversa,Julian Traversa,1,495,2011,https://twitter.com/TraversaJulian,,,,241,Julian Traversa
julienba(c)ranger,Julien Beranger,1,,,,no found,,Extra in Twitter,491,Julien Beranger
juliofaura,Julio Faura,5,,,,no found,,,118,Julio Faura
justicehudson,Justice Hudson,2,,,,no found,,,173,Justice Hudson
justindrake,Justin Drake,1,,,,no found,,,519,Justin Drake
kaidongwu,Kaidong Wu,1,,,,no found,,,91,Kaidong Wu
kaiyeung,Kai Yeung,1,,,,no found,,,338,Kai Yeung
kashishkhullar,Kashish Khullar,1,,,,no found,,,37,Kashish Khullar
katrinadonaghy,Katrina Donaghy,1,2250,2133,https://twitter.com/katrina_donaghy,,,,553,Katrina Donaghy
keikreutler,Kei Kreutler,1,,,,no found,,,389,Kei Kreutler
kellyolson,Kelly Olson,2,,,,no found,,,139,Kelly Olson
kevinbritz,Kevin Britz,1,,,,no found,,,363,Kevin Britz
kevinowocki,Kevin Owocki,3,2714,88200,https://twitter.com/owocki,,,,81,Kevin Owocki
kevinseagraves,Kevin Seagraves,1,429,661,https://twitter.com/captnseagraves,,,,510,Kevin Seagraves
kevinthizy,Kevin Thizy,1,,,,no found,,,465,Kevin Thizy
khemrajadhawade,Khemraj Adhawade,1,,,,no found,,,415,Khemraj Adhawade
kirylyermakou,Kiryl Yermakou,1,,,,no found,,,447,Kiryl Yermakou
kohshishiba,Kohshi Shiba,1,520,1101,https://twitter.com/KOHSHIBA,,,,143,Kohshi Shiba
konradfeldmeier,Konrad Feldmeier,2,,,,no found,,,480,Konrad Feldmeier
kosalahemachandra,Kosala Hemachandra,1,193,2393,https://twitter.com/kvhnuke_,,,,290,Kosala Hemachandra
krisshinn,Kris Shinn,1,,,,no found,,,450,Kris Shinn
kristijansedlak,Kristijan Sedlak,1,123,534,https://twitter.com/kristijansedlak,,,,134,Kristijan Sedlak
kristofgazso,Kristof Gazso,1,516,2458,https://twitter.com/kristofgazso,,,,466,Kristof Gazso
kyledenhartog,Kyle Den Hartog,1,,,,no found,,,542,Kyle Den Hartog
lance,Lance,5,,,,no found,,,234,Lance
lanerettig,Lane Rettig,1,1962,16500,https://twitter.com/lrettig,,,,451,Lane Rettig
laurentaapro,Laurent Aapro,1,,,,no found,,,335,Laurent Aapro
lauritzleifermann,Lauritz Leifermann,1,,,,no found,,,408,Lauritz Leifermann
leeraj,Lee Raj,1,,,,no found,,,117,Lee Raj
leoarias,Leo Arias,1,,,,no found,,,446,Leo Arias
leonidlogvinov,Leonid Logvinov,1,1408,1817,https://twitter.com/Logvinov_Leon,,,,301,Leonid Logvinov
lightclient,lightclient,2,2103,2483,https://twitter.com/imcryptohustler,,,,193,lightclient
ligi,ligi,5,4857,4219,https://twitter.com/mr_ligi,,,,35,ligi
lirazsiri,Liraz Siri,1,73,2289,https://twitter.com/lirazsiri,,,,355,Liraz Siri
liszechung,liszechung,1,1919,2656,https://twitter.com/liszechung,,,,263,liszechung
lixinliu,Lixin Liu,1,1854,4552,https://twitter.com/BitcoinLixin,,,,579,Lixin Liu
locationtba,locationtba,1,499,23200,https://twitter.com/locationtba,,,,425,locationtba
longvuong,Long Vuong,1,643,13000,https://twitter.com/longvuong22,,,,393,Long Vuong
loredanacirstea,Loredana Cirstea,5,,,,no found,,,111,Loredana Cirstea
louisguthmann,Louis Guthmann,2,1284,13100,https://twitter.com/GuthL,,,,353,Louis Guthmann
lucadonno,Luca Donno,1,,,,no found,,,404,Luca Donno
lucascullen,Lucas Cullen,1,,,,no found,,,104,Lucas Cullen
lucasmarta-ngrassoramos,Lucas Martin Grasso Ramos,1,,,,no found,,Extra in Twitter,265,Lucas Martin Grasso Ramos
lucfalempin,Luc Falempin,1,1401,2050,https://twitter.com/LucFalempin,,,,528,Luc Falempin
lucvankampen,Luc van Kampen,1,50,12,https://twitter.com/LucvanKampen,,,,240,Luc van Kampen
lukakacil,Luka Kacil,1,,,,no found,,,549,Luka Kacil
lukasschor,Lukas Schor,1,1234,7596,https://twitter.com/SchorLukas,,,,194,Lukas Schor
ma1/4cahitba1/4ya1/4kya+/-lmaz,mucahit Buyukyilmaz,1,,,,no found,,Extra in Twitter,403,mucahit Buyukyilmaz
manuelaraoz,Manuel Araoz,1,,,,no found,,,307,Manuel Araoz
manuelolivi,Manuel Olivi,1,,,,no found,,,523,Manuel Olivi
marcgarreau,Marc Garreau,1,,,,no found,,,508,Marc Garreau
marcodevries,Marco De Vries,1,868,178,https://twitter.com/mrdevries,,,,419,Marco De Vries
mario,Mario,1,,,,no found,,,498,Mario
mariusvanderwijden,Marius van der Wijden,5,408,15800,https://twitter.com/vdWijden,,,,226,Marius van der Wijden
mariusvanderwijden,Marius Van Der Wijden,1,427,16200,https://twitter.com/vdWijden,,,,226,Marius van der Wijden
markbeylin,Mark Beylin,1,4695,12400,https://twitter.com/MarkBeylin,,,,56,Mark Beylin
markmackey,Mark Mackey,1,,,,no found,,,220,Mark Mackey
martabella(c)s,Marta Belles,1,,,,no found,,Extra in Twitter,350,Marta Belles
martinholstswende,Martin Holst Swende,10,,,,no found,https://www.linkedin.com/in/martin-holst-swende-a6664/,,2,Martin Holst Swende
martinlundfall,Martin Lundfall,2,1304,5725,https://twitter.com/MartinLundfall,,,,127,Martin Lundfall
martinmoravek,Martin Moravek,1,,,,no found,,,390,Martin Moravek
martinswende,Martin Swende,6,,,,no found,https://www.linkedin.com/in/martin-holst-swende-a6664/,,358,Martin Swende
marvinmartin,Marvin Martin,1,,,,no found,,,471,Marvin Martin
matiasarazi,Matias Arazi,1,,,,no found,,,406,Matias Arazi
matt,Matt,1,,,,no found,,,158,Matt
mattcondon,Matt Condon,2,4,335,https://twitter.com/mattgcondon,,,,323,Matt Condon
mattgarnett,Matt Garnett,6,8,5,https://twitter.com/LightClient,,,,145,Matt Garnett
matthewslipper,Matthew Slipper,1,,,,no found,,,513,Matthew Slipper
mattlockyer,Matt Lockyer,1,4717,14100,https://twitter.com/mattdlockyer,,,,48,Matt Lockyer
mattluongo,Matt Luongo,1,1716,10200,https://twitter.com/mhluongo,,,,299,Matt Luongo
mattrusso,Matt Russo,1,,,,no found,,,311,Matt Russo
mattsolomon,Matt Solomon,1,1191,4010,https://twitter.com/msolomon44,,,,499,Matt Solomon
mattstam,Matt Stam,1,,,,no found,,,421,Matt Stam
maurelian,Maurelian,2,1094,7600,https://twitter.com/maurelian_,,,,14,Maurelian
maximkupriianov,Maxim Kupriianov,1,,,,no found,,,86,Maxim Kupriianov
mehmetsabirkiraz,Mehmet Sabir Kiraz,1,,,,no found,,,357,Mehmet Sabir Kiraz
micahzoltu,Micah Zoltu,16,64,4801,https://twitter.com/MicahZoltu,,,,19,Micah Zoltu
michaelcarter,Michael Carter,1,,,,no found,,,437,Michael Carter
michaelconnor,Michael Connor,3,2002,4032,https://twitter.com/michael_connor,,,,113,Michael Connor
michaeld.carter,Michael D. Carter,1,,,,no found,,,174,Michael D. Carter
michaelseiler,Michael Seiler,1,67,140,https://twitter.com/rogueracing,,,,434,Michael Seiler
michaelsproul,Michael Sproul,1,1476,2204,https://twitter.com/sproulM_,,,,166,Michael Sproul
michaelzargham,Michael Zargham,1,2561,5588,https://twitter.com/mzargham,,,,560,Michael Zargham
michelebalistreri,Michele Balistreri,1,35,39,https://twitter.com/Bitgamma,,,,94,Michele Balistreri
mihirfaujdar,Mihir Faujdar,1,,,,no found,,,379,Mihir Faujdar
mikemeng,Mike Meng,1,,,,no found,,,369,Mike Meng
mikhailkalinin,Mikhail Kalinin,3,80,2081,https://twitter.com/mkalinin2,,,,190,Mikhail Kalinin
mikhailmelnik,Mikhail Melnik,1,,,,no found,,,374,Mikhail Melnik
mineruniter969,mineruniter969,2,,,,no found,,,175,mineruniter969
minzu,Min Zu,1,,,,no found,,,320,Min Zu
mofitaiwo,Mofi Taiwo,1,,,,no found,,,575,Mofi Taiwo
mojtabatefagh,Mojtaba Tefagh,1,,,,no found,,,367,Mojtaba Tefagh
moodysalem,Moody Salem,2,,,,no found,,,294,Moody Salem
muditgupta,Mudit Gupta,1,945,61500,https://twitter.com/Mudit__Gupta,,,,239,Mudit Gupta
muhammedeminayda+/-n,Muhammed Emin Ayd????n,1,,,,no found,,Extra in Twitter,487,Muhammed Emin Aydan
naimashhab,Naim Ashhab,1,,,,no found,,,286,Naim Ashhab
namrapatel,Namra Patel,1,,,,no found,,,529,Namra Patel
nastassiasachs,Nastassia Sachs,1,,,,no found,,,505,Nastassia Sachs
natevanderende,Nate van der Ende,1,1009,1340,https://twitter.com/van_der_ende,,,,515,Nate van der Ende
natewelch,Nate Welch,1,,,,no found,,,316,Nate Welch
nathan,Nathan,1,,,,no found,,,534,Nathan
nathancreswell,Nathan Creswell,1,,,,no found,,,585,Nathan Creswell
nathanginnever,Nathan Ginnever,1,218,531,https://twitter.com/NathanGinnever,,,,180,Nathan Ginnever
nickgheorghita,Nick Gheorghita,4,,,,no found,,,154,Nick Gheorghita
nickjohnson,Nick Johnson,28,117,3223,https://twitter.com/wekabot,,,,10,Nick Johnson
nickmudge,Nick Mudge,5,1295,8129,https://twitter.com/mudgen,,,,16,Nick Mudge
nicksavers,Nick Savers,1,,,,no found,,,51,Nick Savers
nicolasventuro,Nicolas Venturo,1,87,1247,https://twitter.com/mrnventuro,,,,584,Nicolas Venturo
nikhilasrani,Nikhil Asrani,1,1,3,https://twitter.com/nikhilasrani,,,,495,Nikhil Asrani
nikolaimushegian,Nikolai Mushegian,1,,,,no found,,,298,Nikolai Mushegian
nitika-goel,nitika-goel,1,458,358,https://twitter.com/nitikagoel_,,,,61,nitika-goel
noahzinsmeister,Noah Zinsmeister,1,874,10800,https://twitter.com/NoahZinsmeister,,,,511,Noah Zinsmeister
oliverterbu,Oliver Terbu,1,146,250,https://twitter.com/OliverTerbu,,,,275,Oliver Terbu
olivierfernandez,Olivier Fernandez,1,,,,no found,,,272,Olivier Fernandez
omaraflak,Omar Aflak,1,62,133,https://twitter.com/omar_aflak,,,,210,Omar Aflak
omnussunmo,Omnus Sunmo,1,,,,no found,,,222,Omnus Sunmo
pandapip1,Pandapip1,9,,,https://twitter.com/pandapip1,account suspended,,,219,Pandapip1
parthabhattacharya,Partha Bhattacharya,2,,,,no found,,,322,Partha Bhattacharya
patrickgallagher,Patrick Gallagher,1,,,,no found,,,340,Patrick Gallagher
patrickmccorry,Patrick McCorry,1,405,20800,https://twitter.com/stonecoldpat0,,,,582,Patrick McCorry
paulberg,Paul Berg,1,1031,13700,https://twitter.com/PaulRBerg,,,,99,Paul Berg
paulbouchon,Paul Bouchon,2,,,,no found,,,57,Paul Bouchon
pauldworzanski,Paul Dworzanski,1,,,,no found,,,418,Paul Dworzanski
pauledge,Paul Edge,1,1395,10500,https://twitter.com/paullinator,,,,296,Paul Edge
paulgauvreau,Paul Gauvreau,1,,,,no found,,,271,Paul Gauvreau
pawelbylica,Pawel Bylica,17,320,1085,https://twitter.com/chfast,,,,83,Pawel Bylica
pawelbylica,Pawel Bylica,2,,,,no sure,https://twitter.com/TusharD09762687/status/1545371927853744128,,83,Pawel Bylica
payomdousti,Payom Dousti,1,1012,2046,https://twitter.com/PayomDousti,,,,567,Payom Dousti
pedrogomes,Pedro Gomes,5,,,,no found,,,120,Pedro Gomes
pellebraendgaard,Pelle Braendgaard,2,3186,5403,https://twitter.com/PelleB,,,,53,Pelle Braendgaard
peterdavies,Peter Davies,1,,,,no found,,,213,Peter Davies
petergrassberger,Peter Grassberger,1,,,,no found,,,160,Peter Grassberger
peterjihoonkim,Peter Jihoon Kim,1,,,,no found,,,159,Peter Jihoon Kim
petermurray,Peter Murray,1,,,,no found,,,65,Peter Murray
peterrobinson,Peter Robinson,1,59,711,https://twitter.com/drinkcoffee2010,,,,366,Peter Robinson
peterszilagyi,Peter Szilagyi,8,246,65100,https://twitter.com/peter_szilagyi,,,,18,Peter Szilagyi
phd,PhD,1,,,,no found,,,537,PhD
philippbolte,Philipp Bolte,1,,,,no found,,,268,Philipp Bolte
philippecastonguay,Philippe Castonguay,4,,,,no found,,,177,Philippe Castonguay
phyrextsai,Phyrex Tsai,1,552,33,https://twitter.com/PhyrexTsai,,,,54,Phyrex Tsai
pierrickturelier,Pierrick Turelier,1,,,,no found,,,396,Pierrick Turelier
pinkiebell,pinkiebell,2,,,,no found,,,181,pinkiebell
piotrdyraga,Piotr Dyraga,1,103,284,https://twitter.com/piotrdyraga,,,,427,Piotr Dyraga
"piotrkosia,,ski",Piotr Kosi????ski,1,,,,no found,,Extra in Twitter,577,Piotr Kosiaski
pipermerriam,Piper Merriam,6,19,4392,https://twitter.com/pipermerriam,,,,17,Piper Merriam
pol-malolebris,Pol-Malo Le Bris,1,,,,no found,,,382,Pol-Malo Le Bris
portalnetworkteam,Portal Network Team,1,,,,no found,,,313,Portal Network Team
qinjian,Qin Jian,1,,,,no found,,,345,Qin Jian
qinwang,Qin Wang,1,,,,no found,,,407,Qin Wang
qizhou,Qi Zhou,5,236,3096,https://twitter.com/qc_qizhou,,,,217,Qi Zhou
query0x,Query0x,1,,,,no found,,,176,Query0x
raaolkripalani,Raul Kripalani,1,,,,no found,,Extra in Twitter,339,Raul Kripalani
ranxing,Ran Xing,1,,,,no found,,,520,Ran Xing
raphaelroullet,Raphael Roullet,1,,,,no found,,,388,Raphael Roullet
remcobloemen,Remco Bloemen,2,1627,4615,https://twitter.com/recmo,,,,29,Remco Bloemen
reubenyoungblom,Reuben Youngblom,1,,,,no found,,,432,Reuben Youngblom
rexcreed,Rex Creed,1,,,,no found,,,197,Rex Creed
ricardoguilhermeschmidt,Ricardo Guilherme Schmidt,5,,,,no found,,,132,Ricardo Guilherme Schmidt
richardmeissner,Richard Meissner,2,94,643,https://twitter.com/rimeissner,,,,82,Richard Meissner
richardmoore,Richard Moore,4,,,,no found,,,22,Richard Moore
rickdudley,Rick Dudley,1,1240,1044,https://twitter.com/rj_dudley,,,,445,Rick Dudley
rjcatalano,RJ Catalano,1,,,,no found,,,504,RJ Catalano
robertobayardo,Roberto Bayardo,1,565,1867,https://twitter.com/roberto_bayardo,,,,386,Roberto Bayardo
robertogorini,Roberto Gorini,1,,,,no found,,,458,Roberto Gorini
robertoroma!n,Roberto Roman,1,,,,no found,,Extra in Twitter,469,Roberto Roman
robertrobbins,Robert Robbins,1,114,167,https://twitter.com/Robert_Robbins,,,,392,Robert Robbins
ronansandford,Ronan Sandford,7,4023,3528,https://twitter.com/wighawag,,,,9,Ronan Sandford
rosarioarjona,Rosario Arjona,1,,,,no found,,,378,Rosario Arjona
rosscampbell,Ross Campbell,1,,,,no found,,,206,Ross Campbell
royosherove,Roy Osherove,1,2481,13200,https://twitter.com/RoyOsherove,,,,269,Roy Osherove
runchaohan,Runchao Han,1,0,0,https://twitter.com/RunchaoHanXaTW,,,,125,Runchao Han
ruthiahe,Ruthia He,1,,,,no found,,,444,Ruthia He
ryanchow,Ryan Chow,1,1506,18400,https://twitter.com/RyanChow_DeFi,,,,527,Ryan Chow
ryanghods,Ryan Ghods,1,,,,no found,,,318,Ryan Ghods
ryley-o,ryley-o,1,,,,no found,,,496,ryley-o
sa1/4leymankardaay,Suleyman Kardas,1,,,,no found,,Extra in Twitter,456,Suleyman Kardas
saberyu,Saber Yu,1,,,,no found,,,266,Saber Yu
sachasaint-leger,Sacha Saint-Leger,1,,,,no found,,,364,Sacha Saint-Leger
sachintomar,Sachin Tomar,1,368,3343,https://twitter.com/schin_tomar,,,,578,Sachin Tomar
samfurter,Sam Furter,1,200,886,https://twitter.com/furter_samuel,,,,574,Sam Furter
samgbafa,Sam Gbafa,1,,,,no found,,,540,Sam Gbafa
samporter,Sam Porter,1,,,,no found,,,186,Sam Porter
samuelemarro,Samuele Marro,1,104,55,https://twitter.com/MarroSamuele,,,,257,Samuele Marro
samuelgwlanoldedoumou,Samuel Gwlanold Edoumou,1,,,,no found,,,555,Samuel Gwlanold Edoumou
samwilson,Sam Wilson,6,209,2363,https://twitter.com/_SamWilsn_,,,,165,Sam Wilson
santiagopalladino,Santiago Palladino,3,874,10300,https://twitter.com/smpalladino,,,,116,Santiago Palladino
scottburke,Scott Burke,1,3668,2831,https://twitter.com/scottburke777,,,,441,Scott Burke
sea+/-ordoggo,Senor Doggo,1,,,,no found,,Extra in Twitter,559, Senor Doggo
seandarcy,Sean Darcy,1,,,,no found,,,274,Sean Darcy
seangulley,Sean Gulley,1,,,,no found,,,351,Sean Gulley
seanng,Sean NG,1,,,,no found,,,412,Sean NG
seanpapanikolas,Sean Papanikolas,2,,,,no found,,,126,Sean Papanikolas
sergiod.lerner,Sergio D. Lerner,1,,,,no found,,,254,Sergio D. Lerner
sergiodemianlerner,Sergio Demian Lerner,1,131,25700,https://twitter.com/SDLerner,,,,157,Sergio Demian Lerner
shahafnacson,Shahaf Nacson,1,,,,no found,,,572,Shahaf Nacson
shanehampton,Shane Hampton,1,,,,no found,,,443,Shane Hampton
shanejonas,Shane Jonas,1,,,,no found,,,112,Shane Jonas
shangefu,Shange Fu,1,,,,no found,,,489,Shange Fu
sherryxu,Sherry Xu,1,,,,no found,,,564,Sherry Xu
shipingchen,Shiping Chen,1,,,,no found,,,539,Shiping Chen
shrug,Shrug,5,,,,no found,,,475,Shrug
shudong,Shu Dong,1,,,,no found,,,229,Shu Dong
sillytuna,Sillytuna,1,2614,26800,https://twitter.com/sillytuna,,,,535,Sillytuna
simonfremaux,Simon Fremaux,1,,,,no found,,,203,Simon Fremaux
simonjentzsch,Simon Jentzsch,1,152,1754,https://twitter.com/simon_jentzsch,,,,69,Simon Jentzsch
simonpeffers,Simon Peffers,1,,,,no found,,,454,Simon Peffers
simontian,Simon Tian,2,,,,no found,,,192,Simon Tian
sinamahmoodi,Sina Mahmoodi,1,508,581,https://twitter.com/sina_mahmoodi,,,,152,Sina Mahmoodi
smeargleusedfly,SmeargleUsedFly,1,,,,no found,,,74,SmeargleUsedFly
sohamzemse,Soham Zemse,2,363,339,https://twitter.com/sohamzemse,,,,147,Soham Zemse
soralee,Sora Lee,1,,,,no found,,,380,Sora Lee
stanleywu,Stanley Wu,1,80,1518,https://twitter.com/stanleywu84,,,,256,Stanley Wu
startfundinc,StartfundInc,1,,,,no found,,,267,StartfundInc
stephanegosselin,Stephane Gosselin,1,1206,27200,https://twitter.com/thegostep,,,,552,Stephane Gosselin
stevanbogosavljevic,Stevan Bogosavljevic,2,920,940,https://twitter.com/stevyhacker,,,,546,Stevan Bogosavljevic
stevenpineda,Steven Pineda,2,,,,no found,,,500,Steven Pineda
t11s,t11s,1,,,,no found,,,381,t11s
terrychen,Terry Chen,1,,,,no found,,,420,Terry Chen
thomasjayrush,Thomas Jay Rush,1,,,,no found,,,467,Thomas Jay Rush
thomasshababi,Thomas Shababi,1,,,,no found,,,431,Thomas Shababi
tiger,Tiger,1,,,,no found,,,493,Tiger
timbeiko,Tim Beiko,3,789,99200,https://twitter.com/TimBeiko,,,,196,Tim Beiko
timcoulter,Tim Coulter,1,1630,1500,https://twitter.com/TimothyCoulter2,,,,300,Tim Coulter
timdaubensch??tz,Tim Daubenschutz,3,0,937,https://twitter.com/timdaub,,,Extra in Twitter,230,Tim Daubenschutz
timi,Timi,1,,,,no found,,,283,Timi
tjadenhess,Tjaden Hess,2,394,100,https://twitter.com/tjade273,,,,12,Tjaden Hess
tobiasoberstein,Tobias Oberstein,1,,,,no found,,,24,Tobias Oberstein
toma!a!jana?a,Tom???????? Jan????a,1,,,,no found,,Extra in Twitter,488,Tomas Janca
tomaszkajetanstanczak,Tomasz Kajetan Stanczak,1,,,,no found,,,244,Tomasz Kajetan Stanczak
tomaszstanczak,Tomasz Stanczak,1,754,3504,https://twitter.com/tkstanczak,,,,359,Tomasz Stanczak
tombrand,Tom Brand,2,,,,no found,,,144,Tom Brand
tomcarchrae,Tom Carchrae,2,264,167,https://twitter.com/carchrae,,,,308,Tom Carchrae
tommynicholas,Tommy Nicholas,1,195,2593,https://twitter.com/tommyrva,,,,52,Tommy Nicholas
tonycarson,Tony Carson,1,,,,no found,,,151,Tony Carson
tonymalghem,Tony Malghem,1,,,,no found,,,372,Tony Malghem
tonysheng,Tony Sheng,1,,,,no found,,,422,Tony Sheng
touficbatrice,Toufic Batrice,1,,,,no found,,,570,Toufic Batrice
trustfarm,trustfarm,2,505,178,https://twitter.com/trustfarm,,,,89,trustfarm
tyler,Tyler,1,,,,no found,,,238,Tyler
tylerkell,Tyler Kell,1,,,,no found,,,486,Tyler Kell
tyleryasaka,Tyler Yasaka,1,,,,no found,,,303,Tyler Yasaka
uriklarman,Uri Klarman,1,1710,5047,https://twitter.com/uriklarman,,,,356,Uri Klarman
varundeshpande,Varun Deshpande,1,,,,no found,,,368,Varun Deshpande
veegalabs,Veega Labs,1,,,,no found,,,276,Veega Labs
victormaia,Victor Maia,1,163,513,https://twitter.com/MaiaVictr,,,,439,Victor Maia
victormunoz,victor Munoz,2,,,,no found,,,227,victor Munoz
victorporton,Victor Porton,2,,,,no found,,,172,Victor Porton
viktorpernjek,Viktor Pernjek,1,,,,no found,,,402,Viktor Pernjek
vincenteli,Vincent Eli,1,,,,no found,,,105,Vincent Eli
vitalikbuterin,Vitalik Buterin,38,354,4700K,https://twitter.com/VitalikButerin,,,,1,Vitalik Buterin
vittoriominacori,Vittorio Minacori,1,398,950,https://twitter.com/vittominacori,,,,84,Vittorio Minacori
vladgluhovsky,Vlad Gluhovsky,1,,,,no found,,,21,Vlad Gluhovsky
vunguyen,Vu Nguyen,1,904,263,https://twitter.com/winvoo,,,,242,Vu Nguyen
waynechang,Wayne Chang,2,,,,no found,,,198,Wayne Chang
weijiazhang,Weijia Zhang,1,,,,no found,,,171,Weijia Zhang
weitang,Wei Tang,4,1,2818,https://twitter.com/sorpaas,,,,78,Wei Tang
weiwu,Weiwu,1,,,,no found,,,397,Weiwu
weiwuzhang,Weiwu Zhang,4,119,695,https://twitter.com/zhangweiwu,,,,40,Weiwu Zhang
wilkinschung,Wilkins Chung,2,127,217,,,,,243,Wilkins Chung
williamentriken,William Entriken,7,194,4790,https://twitter.com/fulldecent,,,,30,William Entriken
williammorriss,William Morriss,4,158,47,https://twitter.com/William05684165,,,,153,William Morriss
williamschwab,William Schwab,2,,,,no found,,,207,William Schwab
willvillanueva,Will Villanueva,1,550,7143,https://twitter.com/wjvill,,,,521,Will Villanueva
willwang,Will Wang,1,,,,no found,,,185,Will Wang
witekradomski,Witek Radomski,3,325,8038,https://twitter.com/witekradomski,,,,64,Witek Radomski
xardass,xardass,1,,,,no found,,,573,xardass
xiaoyuwang,Xiaoyu Wang,1,,,,no found,,,73,Xiaoyu Wang
xinqiyang,Xinqi Yang,1,,,,no found,,,370,Xinqi Yang
xuanzheliu,Xuanzhe Liu,1,,,,no found,,,550,Xuanzhe Liu
yalereisoleil,Yale ReiSoleil,1,,,,no found,,,247,Yale ReiSoleil
yan,Yan,1,,,,no found,,,255,Yan
yanji,Yan Ji,1,,,,no found,,,401,Yan Ji
yanzhu,Yan Zhu,1,,,,no found,,,277,Yan Zhu
yinxu,Yin Xu,1,,,,no found,,,440,Yin Xu
yoavweiss,Yoav Weiss,4,657,7532,https://twitter.com/yoavweiss,,,,97,Yoav Weiss
yoichihirai,Yoichi Hirai,1,,,,no found,,,26,Yoichi Hirai
youssefelhousni,Youssef El Housni,1,,,,no found,,,161,Youssef El Housni
yuefeitan,Yuefei Tan,1,,,,no found,,,352,Yuefei Tan
yuliu,Yu Liu,1,,,,no found,,,183,Yu Liu
yunma,Yun Ma,1,,,,no found,,,512,Yun Ma
zacharybelford,Zachary Belford,1,362,566,https://twitter.com/belfordz,,,,342,Zachary Belford
zacharywilliamson,Zachary Williamson,1,,,,no found,,,314,Zachary Williamson
zachburks,Zach Burks,1,165,6271,https://twitter.com/ZachSpaded,,,,156,Zach Burks
zainanvictorzhou,Zainan Victor Zhou,14,340,495,https://twitter.com/ZainanZhou,,,,71,Zainan Victor Zhou
zainanzhou,Zainan Zhou,1,1661,1712,https://twitter.com/ZainanZhou,,,,258,Zainan Zhou
zhenyusun,Zhenyu Sun,2,,,,no found,,,168,Zhenyu Sun
zhongfu,zhongfu,1,,,,no found,,,426,zhongfu
zhongxinwu,Zhongxin Wu,1,,,,no found,,,556,Zhongxin Wu
zlace,zlace,1,725,312,https://twitter.com/Zlace0x,,,,295,zlace
